id,uz,kaa
1,"“Haydovchilik malakasi yetarli bo‘lmagan” haydovchilik staji 2 yildan kam bo‘lgan haydovchilar boshqarayotgan mexanik transport vositalarining (traktorlar, o‘ziyurar mashinalar mototsikl, elektromototsikllar, mopedlar va skuterlardan tashqari) orqasida — ichiga qora rangli 110 millimetr balandlikdagi “!” belgisining tasviri tushirilgan, sariq rangli, tomonlari 150 millimetr bo‘lgan kvadrat ko‘rinishidagi belgi.","“Haydawshılıq qánigeligi jetkilikli bolmaǵan” haydawshılıq stajı 2 jıldan kem bolǵan haydawshılar basqarıp baratırǵan mexanikalıq transport quralarınıń (traktorlar, ózi júrer mashinalar, motocikl, elektromotocikller, mopedler hám skuterlerden tısqarı) artında — ishine qara reńli 110 millimetr biyikliktegi “!” belgisi súwretlengen, sarı reńli, tárepleri 150 millimetr bolǵan kvadrat formasındaǵı belgi."
2,"""Xavfli yuk"" tanish belgisi bilan jihozlangan transport vositalarining harakatiga yoʻl belgisida koʻrsatilgan yoʻnalishlarda ruxsat beriladi: 4.9.1 — toʻgʻriga","""Qáwipli júk"" tanıw belgisi menen úskenelengen transport quralarınıń háreketine jol belgisinde kórsetilgen jónelislerde ruqsat beriledi: 4.9.1 — tuwrıǵa"
3,"""Xavfli yuk"" tanish belgisi bilan jihozlangan transport vositalarining harakatiga yoʻl belgisida koʻrsatilgan yoʻnalishlarda ruxsat beriladi: 4.9.2 — chapga.","""Qáwipli júk"" tanıw belgisi menen úskenelengen transport quralarınıń háreketine jol belgisinde kórsetilgen jónelislerde ruqsat beriledi: 4.9.2 — shepke."
4,"""Xavfli yuk"" tanish belgisi bilan jihozlangan transport vositalarining harakatiga yoʻl belgisida koʻrsatilgan yoʻnalishlarda ruxsat beriladi: 4.9.3 — oʻngga.","""Qáwipli júk"" tanıw belgisi menen úskenelengen transport quralarınıń háreketine jol belgisinde kórsetilgen jónelislerde ruqsat beriledi: 4.9.3 — ońǵa."
5,"(tishli, shipli) — turumlangan shinali mexanik transport vositalarining orqasida — ichiga qora rangda «T» harfi tushirilgan, qizil hoshiyali, oq rangli uchi yuqoriga yo‘naltirilgan teng tomonli uchburchak ko‘rinishida. Uchburchakning tomonlari 200 millimetrdan kam bo‘lmasligi, hoshiyasining kengligi uchburchak tomonining 1/10 qismiga teng bo‘lishi kerak;","(tisli, shipli) — tırnaqlı shinalı mexanikalıq transport quralarınıń artında — ishine qara reńde «T» háribi jazılǵan, qızıl jiyekli, aq reńli ushı joqarıǵa qaratılǵan teń tárepli úshmúyeshlik formasında. Úshmúyeshliktiń tárepleri 200 millimetrden kem bolmawı, jiyeginiń keńligi úshmúyeshlik tárepiniń 1/10 bólimine teń bolıwı kerek;"
6,(xizmat vazifasini bajarayotgan xodimga biriktirilgan ko‘k yoki qizil yoxud ko‘k va qizil rangli yaltiroq mayoqchasi bilan jihozlangan hamda maxsus rangli bo‘yoq sxemalar va yozuvlar bilan belgilangan transport vositalari bundan mustasno).,(xizmet wazıypasın orınlap atırǵan xızmetkerge bekitilgen kók yamasa qızıl yaki kók hám qızıl reńli jıltırawıq mayoqshası menen úskenelengen hám arnawlı reńli boyaw sxemaları hám jazıwları menen belgilengen transport quraları bunnan tısqarı).
7,"(xizmat vazifasini bajarayotgan xodimga biriktirilgan ko‘k yoki qizil yoxud ko‘k va qizil rangli yaltiroq mayoqchasi bilan jihozlangan hamda maxsus rangli bo‘yoq sxemalar va yozuvlar bilan belgilangan transport vositalari bundan mustasno).3.29 va 3.30 belgilari qatnov qismining qarama-qarshi tomonlarida bir vaqtda o‘rnatilganda, qatnov qismining har ikkala tomonida soat 19:00 dan 21:00 gacha to‘xtab turishga ruxsat etiladi (joyini o‘zgartirish vaqti).","(xizmet wazıypasın orınlap atırǵan xızmetkerge bekitilgen kók yamasa qızıl yaki kók hám qızıl reńli jıltırawıq mayoqshası menen úskenelengen hám arnawlı reńli boyaw sxemaları hám jazıwları menen belgilengen transport quraları bunnan tısqarı). 3.29 hám 3.30 belgileri qatnaw bóliminiń qarama-qarsı táreplerinde bir waqıtta ornatılǵanda, qatnaw bóliminiń hár eki tárepinde saat 19:00 den 21:00 ge shekem toqtap turıwǵa ruqsat etiledi (ornın almastırıw waqtı)."
8,1.1 belgisi,1.1 belgisi
9,"1.1, 1.2, 1.5 — 1.32 ogohlantiruvchi belgilari aholi punktlarida xavfli joydan 50 — 100 metr, aholi punktlaridan tashqarida esa 150 — 300 metr oldin oʻrnatiladi. Zaruriyat boʻlganda, bu belgilar 7.1.1 qoʻshimcha axborot belgisida koʻrsatilgan boshqa masofada ham oʻrnatilishi mumkin.
Agar nishablik va balandlik ketma-ket keladigan boʻlsa, 1.13 va 1.14 belgilari bevosita nishablik va balandlik oldiga oʻrnatilishi mumkin.
Aholi punktlaridan tashqarida 1.1, 1.2, 1.9, 1.10, 1.21 va 1.23 belgilari takrorlanadi. Ikkinchi belgi yoʻlning xavfli qismi boshlanishiga kamida 50 metr qolganda oʻrnatiladi.
Agar qatnov qismida qisqa muddatli yoʻl ishlari olib borilayotgan boʻlsa, 1.23 belgisi ish bajarilayotgan joyga 10 — 15 metr masofa etmasdan (7.1.1 qoʻshimcha axborot belgisisiz) oʻrnatilishi mumkin.
1.3, 1.3.1 va 1.3.2 belgilari bevosita temir yoʻl kesishmalari oldida, eng yaqin relsdan 20 metrdan kam boʻlmagan masofada oʻrnatiladi.","1.1, 1.2, 1.5 — 1.32 eskertiwshi belgileri elatlı punktlerde qáwipli jaydan 50 — 100 metr, elatlı punktlerden tısqarıda bolsa 150 — 300 metr aldın ornatıladı. Kerek bolǵanda, bul belgiler 7.1.1 qosımsha xabar belgisinde kórsetilgen basqa aralıqta da ornatılıwı múmkin."
10,"1.1, 1.25 va 1.26 yotiq yo‘l chizig‘i yordamida, konstruktiv tarzda yoxud boshqa usulda piyodalar va velosipedchilarning harakati ajratilgan piyodalar va velosipedchilar yo‘lagi.","1.1, 1.25 hám 1.26 jatıq jol sızıǵı járdeminde, konstruktivlik tárizde yamasa basqa usılda piyadalar hám velosipedshilerdiń háreketi ajıratılǵan piyadalar hám velosipedshiler jollası."
11,"1.1, 1.25 va 1.26 yotiq yo‘l chizig‘i yordamida, konstruktiv tarzda yoxud boshqa usulda Piyodalar, velosipedchilar va individual harakatlanish vositalarining harakati ajratilgan piyodalar va velosipedchilar yo‘lagi.","1.1, 1.25 hám 1.26 jatıq jol sızıǵı járdeminde, konstruktivlik tárizde yamasa basqa usılda piyadalar, velosipedshiler hám jeke háreketleniw qurallarınıń háreketi ajıratılǵan piyadalar hám velosipedshiler jollası."
12,1.2 belgisi,1.2 belgisi
13,1.3.1 belgisi,1.3.1 belgisi
14,"1.3.1. — bir izli temir yoʻl, 1.3.2. — ikki va undan ortiq izli temir yoʻl belgilari shlagbaum bilan jihozlanmagan temir yoʻl kesishmasi oldida oʻrnatiladi.","1.3.1. — bir izli temir jol, 1.3.2. — eki hám onnan artıq izli temir jol belgileri shlagbaum menen úskenelenbegen temir jol kesilpesi aldında ornatıladı."
15,1.3.2 belgisi,1.3.2 belgisi
16,1.4.1 belgisi,1.4.1 belgisi
17,1.4.2 belgisi,1.4.2 belgisi
18,1.4.3 belgisi,1.4.3 belgisi
19,1.4.4 belgisi,1.4.4 belgisi
20,1.4.5 belgisi,1.4.5 belgisi
21,1.4.6 belgisi,1.4.6 belgisi
22,1.5 belgisi,1.5 belgisi
23,1.6 belgisi,1.6 belgisi
24,1.7 belgisi,1.7 belgisi
25,1.8 belgisi,1.8 belgisi
26,1.9 belgisi,1.9 belgisi
27,1.10 belgisi,1.10 belgisi
28,"1.11.1 — oʻngga, 1.11.2 — chapga yoʻl belgilari yoʻlning kichik radiusli yoki koʻrinishi cheklangan burilish joyini bildiradi.","1.11.1 — ońǵa, 1.11.2 — shepke jol belgileri joldıń kishi radiuslı yamasa kórinisi sheklengen burılıs jayın bildiredi."
29,1.11.1 belgisi,1.11.1 belgisi
30,1.11.2 belgisi,1.11.2 belgisi
31,"1.12.1 — birinchi burilish oʻngga, 1.12.2 — birinchi burilish chapga yoʻl belgilari yoʻlning xavfli burilishlari boʻlgan qismini bildiradi.","1.12.1 — birinshi burılıs ońǵa, 1.12.2 — birinshi burılıs shepke jol belgileri joldıń qáwipli burılısları bolǵan bólimin bildiredi."
32,1.12.1 belgisi,1.12.1 belgisi
33,1.12.2 belgisi,1.12.2 belgisi
34,1.13 belgisi,1.13 belgisi
35,1.14 belgisi,1.14 belgisi
36,1.15 belgisi,1.15 belgisi
37,1.16 belgisi,1.16 belgisi
38,1.17 belgisi,1.17 belgisi
39,1.18.1 — ikki tomonlama torayish; 1.18.2 — oʻngga torayish va 1.18.3 — chapga torayishni bildiradi.,1.18.1 — eki tárepleme tarayıw; 1.18.2 — ońǵa tarayıw hám 1.18.3 — shepke tarayıwdı bildiredi.
40,1.18.1 belgisi,1.18.1 belgisi
41,1.18.2 belgisi,1.18.2 belgisi
42,1.18.3 belgisi,1.18.3 belgisi
43,1.19 belgisi,1.19 belgisi
44,1.20 belgisi,1.20 belgisi
45,"1.20, 5.16.1, 5.16.2 belgilari hamda svetofor bilan birga qoʻllaniladi, piyodalar oʻtish joyidan koʻzi ojiz piyodalar foydalanishi mumkinligi haqida ogohlantiradi.","1.20, 5.16.1, 5.16.2 belgileri hám svetofor menen birge qollanıladı, piyadalar ótiw ornınan kózi ázziz piyadalar paydalanıwı múmkinligi haqqında eskertedi."
46,1.21 belgisi,1.21 belgisi
47,1.22 belgisi,1.22 belgisi
48,1.23 belgisi,1.23 belgisi
49,1.24 belgisi,1.24 belgisi
50,1.25.1 belgisi,1.25.1 belgisi
51,1.25.2 belgisi,1.25.2 belgisi
52,1.25.3 belgisi,1.25.3 belgisi
53,1.26 belgisi,1.26 belgisi
54,1.27 belgisi,1.27 belgisi
55,1.28 belgisi,1.28 belgisi
56,1.29 belgisi,1.29 belgisi
57,1.30 belgisi,1.30 belgisi
58,"1.30 yotiq chizig‘i bilan belgilangan chorrahaga yaqinlashayotganligini anglatib, oldinda tirbandlik yuzaga kelganligi tufayli majburiy to‘xtab, ko‘ndalang yo‘nalishdagi transport vositalarining harakatlanishiga to‘sqinlik tug‘diradigan bo‘lsa, chorrahaga kirish, agar to‘xtash chizig‘i yoki 5.33 yo‘l belgisidan o‘tib bo‘lgan haydovchiga esa qatnov qismlari kesishmasiga kirishni taqiqlanishini bildiradi.","1.30 jatıq sızıǵı menen belgilengen kósheler kesilispesine jaqınlasıp atırǵanlıǵınıń ańlatıp, aldında kestelesiw júzege kelgenligi sebepli májburiy toqtap, kólndeleń jónelistegi transport quralarınıń háreketine kedergi tusa, kósheler kesilispesine kiriwdi qadaǵan etedi."
59,1.31 belgisi,1.31 belgisi
60,1.31.1 belgisi,1.31.1 belgisi
61,1.31.2 belgisi,1.31.2 belgisi
62,1.31.3 belgisi,1.31.3 belgisi
63,1.32 belgisi,1.32 belgisi
64,1.33 belgisi,1.33 belgisi
65,1.34 belgisi,1.34 belgisi
66,1.35 belgisi,1.35 belgisi
67,2.1 belgisi,2.1 belgisi
68,2.2 belgisi,2.2 belgisi
69,"2.3.1 — 2.3.3 yoʻl belgilari aholi punktlarida kesishmagacha 50 — 100 metr masofada, aholi punktlaridan tashqarida esa 150 — 300 metr masofada oʻrnatiladi.","2.3.1 — 2.3.3 jol belgileri elatlı punktlerde kesispege shekem 50 — 100 metr aralıqta, elatlı punktlerden tısqarıda bolsa 150 — 300 metr aralıqta ornatıladı."
70,2.3.1 belgisi,2.3.1 belgisi
71,"2.3.2 — tutashuv oʻngdan. 2.3.1 — 2.3.3 yoʻl belgilari aholi punktlarida kesishmagacha 50 — 100 metr masofada, aholi punktlaridan tashqarida esa 150 — 300 metr masofada oʻrnatiladi.","2.3.2 — tutasıw ońnan. 2.3.1 — 2.3.3 jol belgileri elatlı punktlerde kesispege shekem 50 — 100 metr, elatlı punktlerden tısqarıda bolsa 150 — 300 metr aralıqta ornatıladı."
72,2.3.2 belgisi,2.3.2 belgisi
73,"2.3.3 — tutashuv chapdan. 2.3.1 — 2.3.3 yoʻl belgilari aholi punktlarida kesishmagacha 50 — 100 metr masofada, aholi punktlaridan tashqarida esa 150 — 300 metr masofada oʻrnatiladi.","2.3.3 — tutasıw shepten. 2.3.1 — 2.3.3 jol belgileri elatlı punktlerde kesispege shekem 50 — 100 metr, elatlı punktlerden tısqarıda bolsa 150 — 300 metr aralıqta ornatıladı."
74,2.3.3 belgisi,2.3.3 belgisi
75,2.4 belgisi,2.4 belgisi
76,2.5 belgisi,2.5 belgisi
77,2.6 belgisi,2.6 belgisi
78,2.7 belgisi,2.7 belgisi
79,"3.1 — 3.3, 3.18.1, 3.18.2, 3.19, 3.27 belgilarga amal qilish yo‘nalishli transport vositalariga, 3.2 — 3.8 belgilari ta’sir oralig‘ida joylashgan korxonalarga xizmat ko‘rsatuvchi transport vositalariga, shuningdek, ushbu belgilar ta’sir oralig‘ida yashovchi yoki ishlovchi fuqarolarga xizmat qiluvchi yoki ularga tegishli bo‘lgan transport vositalariga ta’sir qilmaydi. Bunday hollarda transport vositalari belgilangan joyga yaqin chorrahadan kirib yoki chiqib ketishlari kerak.
3.27. belgisi yo‘nalishsiz yengil taksilarga yo‘lovchilarni tushurish-chiqarish (yuklarni ortish-tushurish) vaqtida ta’sir qilmaydi;Ushbu Qoidalarning 176-bandiga binoan “Nogiron” tanish belgisi bilan belgilangan avtomobillar, mototsikllar, elektromototsikllar, mopedlar va skuterlarni boshqarayotgan nogiron haydovchilar 3.2, 3.3 va 3.28 belgilari talablaridan chetga chiqishlari mumkin. 7.18 belgi bo‘lganda 3.27 belgisining ta’sir doirasida to‘xtashga ruxsat etiladi.
3.28 — 3.30 belgilarining taksometri ishlab turgan taksilarga taalluqli emas.
3.18.1 va 3.18.2 belgilari qatnov qismlarining qaysi kesishmasi oldiga o‘rnatilsa, shu kesishmaga tatbiq etiladi.
3.16, 3.20, 3.22, 3.24, 3.26 — 3.30 belgilarining ta’siri belgi o‘rnatilgan joydan keyingi eng yaqin chorrahagacha, ular bo‘lmaganda — aholi punktining oxirigacha ta’siri qiladi.
Yondosh hududlardan yo‘lga chiqish joylarida yoki yo‘lning dala, o‘rmon yo‘llari va boshqa doimiy harakatlanish, o‘tib ketish uchun mo‘ljallanmagan yo‘llar bilan kesishgan (tutashgan) joylarida, ularning oldida tegishli belgilar o‘rnatilmagan bo‘lsa, bu belgilarning ta’siri yo‘qolmaydi.
Aholi punktlariga yetmasdan o‘rnatilgan 3.24 belgisining ta’siri 5.22 belgisigacha kuchini saqlaydi.
Belgilarning ta’sir doirasi aniqlashtirilishi mumkin:
3.16 va 3.26 belgilari uchun 7.2.1 qo‘shimcha axborot belgisi bilan;
3.20, 3.22, 3.24 belgilari 3.21, 3.23, 3.25 belgilari va 7.2.1 qo‘shimcha axborot belgisi orqali;
3.24 belgisining ta’sir oralig‘i undan keyin boshqa eng yuqori harakatlanish tezligi ko‘rsatilgan 3.24 belgisini o‘rnatish bilan;
3.27 — 3.30 belgilarining amal qilish oralig‘i oxiriga 3.27 — 3.30 belgilari 7.2.3 qo‘shimcha axborot belgisi bilan birga takror o‘rnatiladi yoki 7.2.2 qo‘shimcha axborot belgisi bilan qo‘llaniladi.
3.27 belgisi 1.4 yotiq chizig‘i bilan birgalikda, 3.28 belgisi esa 1.10 yotiq chizig‘i bilan birgalikda qo‘llanishi mumkin, bunda belgilarning ta’sir hududi yo‘l chizig‘i uzunligi bilan aniqlanadi.
3.10, 3.27 — 3.30 belgilari yo‘lning qaysi tomonida o‘rnatilgan bo‘lsa, ularning ta’siri faqat o‘sha tomonga amal qilinadi.","3.1 — 3.3, 3.18.1, 3.18.2, 3.19, 3.27 belgilerine ámel qılıw jónelisli transport qurallarına tásir qılmaydı."
80,3.1 belgisi,3.1 belgisi
81,3.2 belgisi,3.2 belgisi
82,3.3 belgisi,3.3 belgisi
83,3.4 belgisi,3.4 belgisi
84,3.5 belgisi,3.5 belgisi
85,3.5.1 belgisi,3.5.1 belgisi
86,3.6 belgisi,3.6 belgisi
87,3.7 belgisi,3.7 belgisi
88,3.8 belgisi,3.8 belgisi
89,3.9 belgisi,3.9 belgisi
90,3.10 belgisi,3.10 belgisi
91,3.11 belgisi,3.11 belgisi
92,3.12 belgisi,3.12 belgisi
93,3.13 belgisi,3.13 belgisi
94,3.14 belgisi,3.14 belgisi
95,3.15 belgisi,3.15 belgisi
96,3.16 belgisi,3.16 belgisi
97,"3.16, 3.20, 3.22, 3.24, 3.26 — 3.30 belgilaridan bir nechtasiga bir vaqtda amal qiladigan oraliqlarning oxirini bildiradi.","3.16, 3.20, 3.22, 3.24, 3.26 — 3.30 belgilerinen bir neshesine bir waqıtta ámel qılınatuǵın aralıqlardıń aqırın bildiredi."
98,3.17.1 belgisi,3.17.1 belgisi
99,3.17.2 belgisi,3.17.2 belgisi
100,3.17.3 belgisi,3.17.3 belgisi
101,3.18.1 belgisi,3.18.1 belgisi
102,3.18.2 belgisi,3.18.2 belgisi
103,3.19 belgisi,3.19 belgisi
104,3.20 belgisi,3.20 belgisi
105,3.21 belgisi,3.21 belgisi
106,3.22 belgisi,3.22 belgisi
107,3.23 belgisi,3.23 belgisi
108,3.24 belgisi,3.24 belgisi
109,3.25 belgisi,3.25 belgisi
110,3.26 belgisi,3.26 belgisi
111,3.27 — 3.30 taqiqlovchi belgilarining taʼsir oraligʻi oxirini koʻrsatadi.,3.27 — 3.30 qadaǵan etiwshi belgileriniń tásir aralıǵı aqırın kórsetedi.
112,3.27 — 3.30 taqiqlovchi belgilarining taʼsiri saqlangan oraliqni koʻrsatadi.,3.27 — 3.30 qadaǵan etiwshi belgileriniń tásiri saqlanǵan aralıqtı kórsetedi.
113,3.27 — 3.30 yoʻl belgilari taʼsir oraligʻida toʻxtagan transport vositalari majburiy evakuaцiya qilinishini koʻrsatadi.,3.27 — 3.30 jol belgileri tásir aralıǵında toqtaǵan transport quraları májburiy evakuaciya qılınatuǵınlıǵın kórsetedi.
114,3.27 belgisi,3.27 belgisi
115,3.28 belgisi,3.28 belgisi
116,3.29 belgisi,3.29 belgisi
117,3.30 belgisi,3.30 belgisi
118,3.31 belgisi,3.31 belgisi
119,3.32 belgisi,3.32 belgisi
120,3.33 belgisi,3.33 belgisi
121,3.34 belgisi,3.34 belgisi
122,3.35 belgisi,3.35 belgisi
123,3.35 belgisi ekologik zona hududiga kirishdan 150 — 300 metr oldin oʻrnatiladi.,3.35 belgisi ekologiyalıq zona aymaǵına kiriwden 150 — 300 metr aldın ornatıladı.
124,4.1.1 belgisi,4.1.1 belgisi
125,4.1.2 belgisi,4.1.2 belgisi
126,4.1.3 belgisi,4.1.3 belgisi
127,4.1.4 belgisi,4.1.4 belgisi
128,4.1.5 belgisi,4.1.5 belgisi
129,4.1.6 belgisi,4.1.6 belgisi
130,4.2.1 belgisi,4.2.1 belgisi
131,4.2.2 belgisi,4.2.2 belgisi
132,4.2.3 belgisi,4.2.3 belgisi
133,4.3 belgisi,4.3 belgisi
134,4.4 belgisi,4.4 belgisi
135,4.5 belgisi,4.5 belgisi
136,4.6 belgisi,4.6 belgisi
137,4.6.1 belgisi,4.6.1 belgisi
138,4.6.2 belgisi,4.6.2 belgisi
139,4.6.3 belgisi,4.6.3 belgisi
140,4.6.4 belgisi,4.6.4 belgisi
141,4.6.5 belgisi,4.6.5 belgisi
142,4.6.6 belgisi,4.6.6 belgisi
143,4.7 belgisi,4.7 belgisi
144,4.8 belgisi,4.8 belgisi
145,4.9.1 belgisi,4.9.1 belgisi
146,4.9.2 belgisi,4.9.2 belgisi
147,4.9.3 belgisi,4.9.3 belgisi
148,5.1 belgisi,5.1 belgisi
149,5.2 belgisi,5.2 belgisi
150,5.3 belgisi,5.3 belgisi
151,5.4 belgisi,5.4 belgisi
152,5.5 belgisi,5.5 belgisi
153,5.6 belgisi,5.6 belgisi
154,5.7.1 belgisi,5.7.1 belgisi
155,5.7.2 belgisi,5.7.2 belgisi
156,5.8.1 belgisi,5.8.1 belgisi
157,5.8.2 belgisi,5.8.2 belgisi
158,5.8.3 belgisi,5.8.3 belgisi
159,5.8.4 belgisi,5.8.4 belgisi
160,5.8.5 belgisi,5.8.5 belgisi
161,5.8.6 belgisi,5.8.6 belgisi
162,5.8.7 belgisi,5.8.7 belgisi
163,5.8.8 belgisi,5.8.8 belgisi
164,5.9 belgisi,5.9 belgisi
165,5.10.1 belgisi,5.10.1 belgisi
166,5.10.2 belgisi,5.10.2 belgisi
167,5.10.3 belgisi,5.10.3 belgisi
168,5.10.4 belgisi,5.10.4 belgisi
169,5.11.1 belgisi,5.11.1 belgisi
170,5.11.2 belgisi,5.11.2 belgisi
171,5.12 belgisi,5.12 belgisi
172,5.13 belgisi,5.13 belgisi
173,5.14 belgisi,5.14 belgisi
174,5.15 belgisi,5.15 belgisi
175,5.15 belgisi bilan belgilangan toʻxtab turish joyida transport vositalarining dvigatelini ishlatmasdan toʻxtab turishiga ruxsat etilganligini koʻrsatadi.,5.15 belgisi menen belgilengen toqtap turıw ornında transport qurallarınıń dvigatelin isletpesten toqtap turıwına ruqsat etilgenligin kórsetedi.
176,"5.15 belgisi bilan qoʻllaniladi. Toʻxtab turish joyi (yoki uning bir qismi) ushbu Qoidalarning 176-bandiga muvofiq ""Nogiron"" taniqlik belgisi oʻrnatilgan transport vositalari uchun ajratilganligini koʻrsatadi.","5.15 belgisi menen qollanıladı. Toqtap turıw ornı (yamasa onıń bir bólimi) usı Qaǵıydalardıń 176-bántine muwapıq ""Mayıp"" tanıw belgisi ornatılǵan transport quralları ushın ajıratılǵanlıǵın kórsetedi."
177,5.15 belgisi oʻrnatilgan toʻxtab turish joyida transport vositalari toʻxtab turishining eng koʻp muddatini koʻrsatadi.,5.15 belgisi ornatılǵan toqtap turıw ornında transport quralları toqtap turıwınıń eń kóp múddetin kórsetedi.
178,5.15 yoki 6.11 belgisi bilan koʻrsatilgan maydonlarda estakada yoki koʻzdan kechirish chuqurchalari borligini bildiradi.,5.15 yamasa 6.11 belgisi menen kórsetilgen maydanlarda estakada yamasa kórip shıǵıw shuqırshaları bar ekenligin bildiredi.
179,5.15.1 belgisi,5.15.1 belgisi
180,5.15.2 belgisi,5.15.2 belgisi
181,5.15.3 belgisi,5.15.3 belgisi
182,5.15.4 belgisi,5.15.4 belgisi
183,5.16.1 belgisi,5.16.1 belgisi
184,5.16.1-5.16.2 yo‘l belgilari bilan birga qo‘llaniladi.,5.16.1-5.16.2 jol belgileri menen birge qollanıladı.
185,"5.16.1, 5.16.2, 5.48 belgilari va (yoki) 1.14.1 — 1.14.4, 1.29.1 — 1.29.3 yo‘l chiziqlari bilan belgilangan piyodalar o‘tish joyini bildiradi.","5.16.1, 5.16.2, 5.48 belgileri hám (yamasa) 1.14.1 — 1.14.4, 1.29.1 — 1.29.3 jol sızıqları menen belgilengen piyadalar ótiw ornın bildiredi."
186,5.16.2 belgisi,5.16.2 belgisi
187,5.17.1 belgisi,5.17.1 belgisi
188,5.17.2 belgisi,5.17.2 belgisi
189,5.17.3 belgisi,5.17.3 belgisi
190,5.17.4 belgisi,5.17.4 belgisi
191,5.18 belgisi,5.18 belgisi
192,5.19.1 belgisi,5.19.1 belgisi
193,5.19.2 belgisi,5.19.2 belgisi
194,5.19.3 belgisi,5.19.3 belgisi
195,5.19.4 belgisi,5.19.4 belgisi
196,5.20.1 belgisi,5.20.1 belgisi
197,5.20.2 belgisi,5.20.2 belgisi
198,5.20.3 belgisi,5.20.3 belgisi
199,5.20.4 belgisi,5.20.4 belgisi
200,5.20.5 belgisi,5.20.5 belgisi
201,5.21.1 belgisi,5.21.1 belgisi
202,5.21.2 belgisi,5.21.2 belgisi
203,5.22 belgisi,5.22 belgisi
204,5.23 belgisi,5.23 belgisi
205,5.24 belgisi,5.24 belgisi
206,5.24 yoʻl belgisi bilan koʻrsatilgan aholi punktining oxirini bildiradi.,5.24 jol belgisi menen kórsetilgen elatlı punkttiń aqırın bildiredi.
207,5.25 belgisi,5.25 belgisi
208,5.26 belgisi,5.26 belgisi
209,5.27 belgisi,5.27 belgisi
210,5.28 belgisi,5.28 belgisi
211,5.29.1 — yoʻlga berilgan raqam.,5.29.1 — jolǵa berilgen raqam.
212,5.29.1 belgisi,5.29.1 belgisi
213,5.29.2 — yoʻlning raqami va yoʻnalishini bildiradi.,5.29.2 — joldıń raqamı hám jónelisin bildiredi.
214,5.29.2 belgisi,5.29.2 belgisi
215,5.30.1 belgisi,5.30.1 belgisi
216,5.30.2 belgisi,5.30.2 belgisi
217,5.30.3 belgisi,5.30.3 belgisi
218,5.31 belgisi,5.31 belgisi
219,5.32.1 belgisi,5.32.1 belgisi
220,5.32.2 belgisi,5.32.2 belgisi
221,5.32.3 belgisi,5.32.3 belgisi
222,5.33 belgisi,5.33 belgisi
223,5.34.1 belgisi,5.34.1 belgisi
224,5.34.2 belgisi,5.34.2 belgisi
225,5.35 belgisi,5.35 belgisi
226,5.36 belgisi,5.36 belgisi
227,5.37 belgisi,5.37 belgisi
228,5.38 belgisi,5.38 belgisi
229,5.39 belgisi,5.39 belgisi
230,5.40 belgisi,5.40 belgisi
231,5.41 belgisi,5.41 belgisi
232,5.42 belgisi,5.42 belgisi
233,5.43 belgisi,5.43 belgisi
234,5.44 belgisi,5.44 belgisi
235,5.45 belgisi,5.45 belgisi
236,5.46 belgisi,5.46 belgisi
237,5.47 belgisi,5.47 belgisi
238,5.47.1 belgisi,5.47.1 belgisi
239,5.47.2 belgisi,5.47.2 belgisi
240,5.48 belgisi,5.48 belgisi
241,6.1 belgisi,6.1 belgisi
242,6.2 belgisi,6.2 belgisi
243,6.3.1 belgisi,6.3.1 belgisi
244,6.3.2 belgisi,6.3.2 belgisi
245,6.3.3 belgisi,6.3.3 belgisi
246,6.4 belgisi,6.4 belgisi
247,6.5 belgisi,6.5 belgisi
248,6.6 belgisi,6.6 belgisi
249,6.7 belgisi,6.7 belgisi
250,6.8 belgisi,6.8 belgisi
251,6.9 belgisi,6.9 belgisi
252,6.10 belgisi,6.10 belgisi
253,6.11 belgisi,6.11 belgisi
254,6.12 belgisi,6.12 belgisi
255,6.13 belgisi,6.13 belgisi
256,6.14 belgisi,6.14 belgisi
257,6.15 belgisi,6.15 belgisi
258,6.16 belgisi,6.16 belgisi
259,6.17 belgisi,6.17 belgisi
260,6.18 belgisi,6.18 belgisi
261,6.19 belgisi,6.19 belgisi
262,6.20 belgisi,6.20 belgisi
263,6.21 belgisi,6.21 belgisi
264,6.22 belgisi,6.22 belgisi
265,6.23 belgisi,6.23 belgisi
266,6.24 belgisi,6.24 belgisi
267,6.25 belgisi,6.25 belgisi
268,6.26 belgisi,6.26 belgisi
269,6.27 belgisi,6.27 belgisi
270,6.28 belgisi,6.28 belgisi
271,7.1.1 belgisi,7.1.1 belgisi
272,7.1.2 belgisi,7.1.2 belgisi
273,7.1.3 belgisi,7.1.3 belgisi
274,7.1.4 belgisi,7.1.4 belgisi
275,7.2.1 belgisi,7.2.1 belgisi
276,7.2.2 belgisi,7.2.2 belgisi
277,7.2.3 belgisi,7.2.3 belgisi
278,7.2.4 belgisi,7.2.4 belgisi
279,7.2.5 belgisi,7.2.5 belgisi
280,7.2.6 belgisi,7.2.6 belgisi
281,7.3.1 belgisi,7.3.1 belgisi
282,7.3.2 belgisi,7.3.2 belgisi
283,7.3.3 belgisi,7.3.3 belgisi
284,7.4.1 belgisi,7.4.1 belgisi
285,7.4.2 belgisi,7.4.2 belgisi
286,7.4.3 belgisi,7.4.3 belgisi
287,7.4.4 belgisi,7.4.4 belgisi
288,7.4.5 belgisi,7.4.5 belgisi
289,7.4.6 belgisi,7.4.6 belgisi
290,7.4.7 belgisi,7.4.7 belgisi
291,7.4.8 belgisi,7.4.8 belgisi
292,7.4.9 belgisi,7.4.9 belgisi
293,7.4.10 belgisi,7.4.10 belgisi
294,7.5.1 belgisi,7.5.1 belgisi
295,7.5.2 belgisi,7.5.2 belgisi
296,7.5.3 belgisi,7.5.3 belgisi
297,7.5.4 belgisi,7.5.4 belgisi
298,7.5.5 belgisi,7.5.5 belgisi
299,7.5.6 belgisi,7.5.6 belgisi
300,7.5.7 belgisi,7.5.7 belgisi
301,"7.6.1 — 7.6.9. “Transport vositasini to‘xtab turish joyiga qo‘yish usuli”. 7.6.1 barcha turdagi transport vositalarini to‘xtab turishi uchun yo‘lning qatnov qismida, trotuar yoniga qo‘yish usulini, 7.6.2 — 7.6.9 trotuar yonidagi to‘xtab turish joyiga yengil avtomobillar, mototsikllar, mopedlar va skuterlarni qo‘yish usulini bildiradi.","7.6.1 — 7.6.9. “Transport quralın toqtap turıw ornına qoyıw usılı”. 7.6.1 barlıq túrdegi transport quralların toqtap turıwı ushın joldıń qatnaw bóliminde, trotuar janına qoyıw usılın, 7.6.2 — 7.6.9 trotuar janındaǵı toqtap turıw ornına jeńil avtomobiller, motocikller, mopedler hám skuterlerdi qoyıw usılın bildiredi."
302,7.6.1 belgisi,7.6.1 belgisi
303,7.6.2 belgisi,7.6.2 belgisi
304,7.6.3 belgisi,7.6.3 belgisi
305,7.6.4 belgisi,7.6.4 belgisi
306,7.6.5 belgisi,7.6.5 belgisi
307,7.6.6 belgisi,7.6.6 belgisi
308,7.6.7 belgisi,7.6.7 belgisi
309,7.6.8 belgisi,7.6.8 belgisi
310,7.6.9 belgisi,7.6.9 belgisi
311,7.7 belgisi,7.7 belgisi
312,7.8 belgisi,7.8 belgisi
313,7.9 belgisi,7.9 belgisi
314,7.10 belgisi,7.10 belgisi
315,7.11 belgisi,7.11 belgisi
316,7.12 belgisi,7.12 belgisi
317,7.13 belgisi,7.13 belgisi
318,7.14 belgisi,7.14 belgisi
319,7.15 belgisi,7.15 belgisi
320,7.16 belgisi,7.16 belgisi
321,7.17 belgisi,7.17 belgisi
322,7.18 belgisi,7.18 belgisi
323,7.19 belgisi,7.19 belgisi
324,7.20 belgisi,7.20 belgisi
325,7.21 belgisi,7.21 belgisi
326,7.22.1 belgisi,7.22.1 belgisi
327,7.22.2 belgisi,7.22.2 belgisi
328,7.22.3 belgisi,7.22.3 belgisi
329,7.23 belgisi,7.23 belgisi
330,7.24 belgisi,7.24 belgisi
331,7.25 belgisi,7.25 belgisi
332,7.26 belgisi,7.26 belgisi
333,Aeroport,Aeroport
334,"Agar 5.8.7 belgisida biror transport vositasining harakatlanishini taqiqlovchi belgi tasvirlangan bo‘lsa, unda bu tur transport vositasining tegishli tasmada harakatlanishi taqiqlanishini bildiradi.
5.8.7 va 5.8.8 belgilari yo‘nalishlar soniga ko‘ra to‘rt va undan ortiq tasmali yo‘llarga ham tatbiq etilishi mumkin. Tasviri almashadigan 5.8.7, 5.8.8 belgilari yordamida reversiv harakat tashkil etilishi mumkin.","Eger 5.8.7 belgisinde birar transport quralınıń háreketleniwiniń qadaǵan etiwshi belgisi súwretlengen bolsa, onda bul túr transport quralınıń tiyisli tasmada háreketleniwi qadaǵan etiliwin bildiredi."
335,Aholi punktining boshlanishi,Elatlı punkttiń baslanıwı
336,Aholi punktining oxiri,Elatlı punkttiń aqırı
337,"Aholi punktlaridan boshqa manzillarning nomini bildiradi. (daryo, koʻl, dovon, xushmanzara joy va boshqalar).","Elatlı punktlerden basqa mánzillerdiń atın bildiredi. (dárya, kól, dawan, xosh mánzilli jay hám basqalar)."
338,Aholi punktlaridan tashqarida temir yoʻl kesishmasiga yaqinlashayotganlik haqida qoʻshimcha ogohlantirish beradi.,Elatlı punktlerden tısqarıda temir jol kesilpesine jaqınlasıp atırǵanlıǵı haqqında qosımsha eskertiw beredi.
339,"Aholi punktlaridan tashqarida o‘rnatilgan 5.20.1, 5.20.2, 5.21.1 va 5.21.2 yo‘l belgilaridagi yashil yoki ko‘k rang ko‘rsatilgan aholi punktiga yoki obyektga avtomagistral yoxud boshqa yo‘l orqali harakatlanish mumkinligini anglatadi.
Oq rang ko‘rsatilgan obyekt ushbu aholi punktida joylashganini anglatadi.
Aholi punktida o‘rnatilgan 5.20.1, 5.20.2, 5.21.1 va 5.21.2 yo‘l belgilaridagi yashil, ko‘k rang ko‘rsatilgan aholi punktiga yoki obyektga ushbu aholi punktidan chiqqandan so‘ng avtomagistral yoxud boshqa yo‘l orqali harakatlanish mumkinligini anglatadi, oq rang esa ko‘rsatilgan obyekt shu aholi punktida joylashganligini bildiradi.","Elatlı punktlerden tısqarıda ornatılǵan 5.20.1, 5.20.2, 5.21.1 hám 5.21.2 jol belgilerindegi jasıl yamasa kók reń kórsetilgen elatlı punktke yamasa obyektke avtomagistral yaki basqa jol arqalı háreketleniw múmkinligin ańlatadı."
340,"Aholi punktlaridan tashqarida chorraha oldiga 2.5. yoʻl belgisi oʻrnatilgan boʻlsa, 2.4. yoʻl belgisi bilan oʻrnatilib, chorrahagacha boʻlgan masofani koʻrsatadi.","Elatlı punktlerden tısqarıda kósheler kesilispesi aldına 2.5 jol belgisi ornatılǵan bolsa, 2.4 jol belgisi menen ornatılıp, kesilpege shekemgi aralıqtı kórsetedi."
341,Ajratuvchi boʻlagi boʻlgan yoʻlning harakatlanish uchun yopiq hududini aylanib oʻtish yoki oʻng tomondagi qatnov qismiga qaytish uchun harakatlanish yoʻnalishini bildiradi.,Ajıratıwshı bólegi bolǵan joldıń háreketleniw ushın jabıq aymaǵın aylanıp ótiw yamasa oń táreptegi qatnaw bólimine qaytıw ushın háreketleniw jónelisin bildiredi.
342,"Alangalanmaydigan, notoksik gazlar;","Janbaytuǵın, notoksikalıq gazler;"
343,Amal qilish vaqti,Ámel qılıw waqtı
344,Asosiy yoʻl,Bas jol
345,Asosiy yoʻlning oxiri,Bas joldıń aqırı
346,Asosiy yoʻlning yoʻnalishi,Bas joldıń jónelisi
347,Avariya sababli to‘xtash,Avariya sebepli toqtaw
348,Avtobus va (yoki) trolleybus toʻxtash joyi,Avtobus hám (yamasa) trolleybus toqtaw ornı
349,Avtomagistral,Avtomagistral
350,Avtomagistralning oxiri,Avtomagistraldıń aqırı
351,Avtomobil yo‘llarning bir sathda kesishmaydigan qismlarida yer ostidan yoki yer ustidan transport vositalarining burilish va qayrilib olish yo‘nalishini ko‘rsatish uchun qo‘llaniladi.,Avtomobil jollarınıń bir satıda kesilispeytuǵın bólimlerinde jer astınan yamasa jer ústinen transport qurallarınıń burılıw hám qayrılıp alıw jónelisin kórsetiw ushın qollanıladı.
352,Avtomobillar uchun moʻljallangan yoʻl,Avtomobiller ushın móljellengen jol
353,Avtomobillar uchun moʻljallangan yoʻlning oxiri,Avtomobiller ushın móljellengen joldıń aqırı
354,Avtomobillarga ko‘p tarmoqli yonilg‘i quyish shoxobchasi,Avtomobillerge kóp tarmaqlı janılǵı quyıw shaxobshası
355,Avtomobillarga texnik xizmat koʻrsatish joyi,Avtomobillerge texnikalıq xızmet kórsetiw ornı
356,Avtomobillarga yonilgʻi quyish shoxobchasi,Avtomobillerge janılǵı quyıw shaxobshası
357,Avtomobillarni koʻrikdan oʻtkazish joyi,Avtomobillerdi kórikten ótkeriw ornı
358,Avtomobillarni yuvish joyi,Avtomobillerdi juwıw ornı
359,Avtopoezd,Avtopoezd
360,Avtotashuvchilarning nazorat punkti,Avtotasıwshılardıń qadaǵalaw punkti
361,Aylanib oʻtish tasviri,Aylanıp ótiw súwreti
362,Aylanma harakatlanish,Aylana háreketleniw
363,Aylanma harakatlanish bilan kesishuv,Aylana háreketleniw menen kesilisiw
364,Baland piyodalar o‘tish joyi,Bálent piyodalar ótiw ornı
365,Balandlikka ko‘tarilishdagi qo‘shimcha tasmaning yoki tezlanish tasmaning oxirini bildiradi.,Biyiklikke kóteriliwdegi qosımsha tasmanıń yamasa tezleniw tasmasınıń aqırın bildiredi.
366,Barcha transport vositalarining harakatlanishi taqiqlanishini bildiradi.,Barlıq transport quralları háreketiniń qadaǵan etiliwin bildiredi.
367,Barcha transport vositalarining kirishi taqiqlanishini bildiradi.,Barlıq transport quralları kiriwiniń qadaǵan etiliwin bildiredi.
368,Barcha cheklovlarning oxiri,Barlıq sheklewlerdiń aqırı
369,Belgi qatnov qismining qoplamasi nam boʻlgan vaqtda taʼsir etishini koʻrsatadi.,Belgi qatnaw bóliminiń qaplaması ıǵallanǵan waqıtta tásir etiwin kórsetedi.
370,Belgi yoki svetofor taʼsiridagi harakatlanish boʻlagini koʻrsatadi.,Belgi yamasa svetofor tásirindegi háreketleniw bólegin kórsetedi.
371,"Belgida ko‘rsatilgan aholi punkti va boshqa manzillarga harakatlanish yo‘nalishini bildiradi.
Belgida 5.29.1 belgisining hamda avtomagistral, aeroport va boshqa ramziy belgilar tasviri tushirilgan bo‘lishi mumkin.
5.20.1 belgisida harakatlanish tartibining xususiyatlari to‘g‘risida axborot beruvchi boshqa belgilarning tasviri ham tushgan bo‘lishi mumkin.
5.20.1 belgisining past qismida belgi o‘rnatilgan joydan chorrahagacha bo‘lgan masofa ko‘rsatiladi.
5.20.1 belgisi yo‘lning 3.11 — 3.15 taqiqlovchi belgilaridan biri o‘rnatilgan qismlarini aylanib o‘tish yo‘nalishini ko‘rsatish uchun ham qo‘llaniladi.",Belgide kórsetilgen elatlı punkt hám basqa mánzillerge háreketleniw jónelisin bildiredi.
372,Belgida ko‘rsatilganidan kam bo‘ylama oraliq masofada harakatlanish taqiqlanadi.,Belgide kórsetilgennen kem boylama aralıq masofada háreketleniw qadaǵan etiledi.
373,Belgida koʻrsatilganidan ortiq tezlikda (km/s) harakatlanish taqiqlanishini bildiradi.,Belgide kórsetilgennen artıq tezlikte (km/s) háreketleniw qadaǵan etiliwin bildiredi.
374,"Belgidan yoʻlning xavfli joyi, yoʻl harakatiga tegishli cheklovlar kiritiladigan joyi yoki harakat yoʻnalishi boʻyicha oldindagi muayyan joygacha boʻlgan masofani koʻrsatadi.",Belgiden joldıń qáwipli jayına shekemgi aralıqtı kórsetedi.
375,Belgiga haftaning qaysi kuni va qaysi soatlarida amal qilishni koʻrsatadi.,Belgige hápteniń qaysı kúni hám qaysı saatlarında ámel qılıwdı kórsetedi.
376,Belgiga haftaning qaysi kunlari amal qilinishi koʻrsatilgan.,Belgige hápteniń qaysı kúnleri ámel qılınıwı kórsetilgen.
377,Belgiga kunning qaysi vaqtida amal qilishni koʻrsatadi.,Belgige kúnniń qaysı waqtında ámel qılıwdı kórsetedi.
378,"Belgilarning taʼsiri ushbu Qoidalarning 175-bandiga muvofiq ""Nogiron"" taniqlik belgisi oʻrnatilgan transport vositalariga joriy etilmaydi.","Belgilerdiń tásiri ""Mayıp"" tanıqlıq belgisi ornatılǵan transport qurallarına joriy etilmaydi."
379,"Belgining ta’siri joriy etilgan transport vositalari turini ko‘rsatadi.
7.4.1 belgi bilan o‘rnatilgan yo‘l belgisining ta’siri yuk tashuvchi, shu jumladan, tirkamali, to‘liq vazni 3,5 tonnadan ortiq bo‘lgan transport vositalariga, 7.4.3 belgi bilan o‘rnatilgan yo‘l belgisining ta’siri yengil avtomobillarga, 7.4.9 elektromobillarga, 7.4.10 yo‘nalishsiz taksilarga, shuningdek, to‘liq vazni 3,5 tonnagacha bo‘lgan yuk tashuvchi transport vositalariga tatbiq etiladi.",Belginiń tásiri joriy etilgen transport quralı túrin kórsetedi.
380,Belgining taʼsiri ruxsat etilgan toʻla vazni qoʻshimcha-axborot yoʻl belgisida koʻrsatilgan miqdordan ortiq boʻlgan transport vositalariga taalluqli ekanligini koʻrsatadi.,Belginiń tásiri ruxsat etilgen tolıq awırlıǵı kórsetilgen muǵdardan artıq bolǵan transport qurallarına tiyisli.
381,Bir izli temir yoʻl,Bir izli temir jol
382,Bir tomonlama harakatli yoʻl,Bir tárepleme háreketli jol
383,Bir tomonlama harakatli yoʻlga chiqish,Bir tárepleme háreketli jolǵa shıǵıw
384,Bir tomonlama harakatli yoʻlning oxiri,Bir tárepleme háreketli joldıń aqırı
385,Bir yoki bir necha tasmalarda harakatlanish yoʻnalishi qarama-qarshi tomonga oʻzgarishi mumkin boʻlgan yoʻl qismining boshlanishini bildiradi.,Háreketleniw jónelisi qarama-qarsı tárepke ózgeriwi múmkin bolǵan jol bóliminiń baslanıwı.
386,"Birinchi yoki ikkinchi guruh nogironligi bo‘lgan shaxs boshqarayotgan, shuningdek, nogironligi bo‘lgan shaxslarni yoki nogironligi bo‘lgan bolalarni tashiyotgan transport vositalarining old va orqa tomonlarida — barcha tomonlari 150 millimetrdan bo‘lgan va ichiga 7.17 yo‘l belgisining qora rangli timsoli tushirilgan sariq rangli kvadrat ko‘rinishidagi belgi;",Mayıplıǵı bolǵan shaxslar basqarıp baratırǵan transport quralları ushın belgi.
387,Bojxona,Bajıxana
388,Bojxona (nazorat punkti) oldida to‘xtamasdan o‘tib ketish taqiqlanadi,Bajıxana (qadaǵalaw punkti) aldında toqtamastan ótip ketiw qadaǵan etiledi
389,Bolalar,Balalar
390,Bolalar guruhini tashish,Balalar toparın tasıw
391,"Bolalar guruhini tashkiliy tashishda, transport vositasining old va orqa tomonlariga qizil hoshiyali, ichiga 1.21 yo‘l belgisidagi bolalar timsolining tasviri tushirilgan, sariq rangdagi, tomonlari teng bo‘lgan to‘rtburchak (kvadrat) ko‘rinishidagi belgi. To‘rtburchakning tomonlari 250 — 300 millimetrgacha, hoshiyaning kengligi to‘rtburchak tomonining 1/10 qismiga teng bo‘lishi kerak;",Balalar toparın shólkemlesken halda tasıwda transport quralına ornatılatuǵın belgi.
392,"Bolalar guruhini tashkiliy tashishni amalga oshirayotgan, og‘ir vaznli, xavfli va katta o‘lchamli yuklarni tashiyotgan, shuningdek, transport vositasining texnik tavsifnomasida ko‘rsatilgan eng yuqori tezligi Qoidalarning 78, 79 va 80-bandlarida belgilangan tezlikdan kam bo‘lgan hollarda, mexanik transport vositalari kuzovi orqa devorining chap tomoniga 3.24 — «Yuqori tezlik cheklangan» yo‘l belgisining kichraytirilgan, rangli tasviri tushirilgan ko‘rinishidagi belgi. Belgining diametri 160 millimetrdan kam bo‘lmasligi, hoshiyasining kengligi belgi diametrining 1/10 qismiga teng bo‘lishi kerak;",Joqarı tezlik sheklengenligin bildiriwshi belgi.
393,"Bolalar muassasasi (maktablar, bolalarning dam olish maskanlari va shunga oʻxshashlar)ga yaqin yoʻlning qatnov qismidan bolalarning chiqib qolish ehtimolini bildiradi.",Jolda balalardıń shıǵıp qalıw itimallıǵı bar ekenligin bildiredi.
394,Bozor,Bazar
395,Boshqa qatnov qismiga qayta tizilishning boshlangʻich koʻrsatkichi,Basqa qatnaw bólimine qayta tiziliwdiń baslanǵısh kórsetkishi
396,Boshqa xavf-xatarlar,Basqa qáwip-qáterler
397,Boshqa xavfli moddalar va buyumlar.,Basqa qáwipli zatlar hám buyımlar.
398,Boshqarishni o‘rgatish uchun mo‘ljallangan mexanik transport vositasi,Basqarıwdı úyreniw ushın móljellengen mexanikalıq transport quralı
399,"Boshqarishni o‘rgatishda foydalaniladigan transport vositalarining old va orqa tomonlarida — ichiga qora rangda «O‘» harfi tushirilgan, tomonlari 200 millimetrdan 300 millimetrgacha bo‘lgan qizil hoshiyali, oq rangli, uchi yuqoriga yo‘nalgan teng tomonli uchburchak ko‘rinishida. Belgi hoshiyasining kengligi uchburchak tomonining 1/10 qismiga teng bo‘lishi kerak;",Basqarıwdı úyreniwde paydalanılatuǵın transport quralları ushın belgi.
400,Burilishning yoʻnalishi,Burılıstıń jónelisi
401,Dam olish joyi,Dem alıw ornı
402,Daryo yoki suv havzasi qirgʻogʻiga chiqishni bildiradi.,Dárya yamasa suw háwiziniń jaǵasına shıǵıwdı bildiredi.
403,Davlat standarti talablari asosidagi uchburchak shaklidagi belgi;,Mámleketlik standart talapları tiykarındaǵı úshmúyeshlik formasındaǵı belgi;
404,"Diqqat, boshqariladigan to‘siq","Diqqat, basqarılatuǵın tosqıq"
405,Dvigatelni ishlatmasdan toʻxtab turish joyi,Dvigatelni isletpesten toqtap turıw ornı
406,Ekologik zona hududida “oʻrta” va “zararli” ekologik toifalarga ega avtotransport vositalari harakatlanishi taqiqlangan.,Ekologiyalıq zona aymaǵında “orta” hám “zıyanlı” ekologiyalıq kategoriyalarǵa iye avtotransport quralları háreketleniwi qadaǵan etilgen.
407,Elektr quvvatlashli avtomobil qo‘yish joyi,Elektr quwatlanıwshı avtomobil qoyıw ornı
408,Elektromobillarni quvvatlash shaxobchasi,Elektromobillerdi quwatlaw shaxobshası
409,Elektron tablo yordamida boshqariladigan piyodalar svetofori,Elektron tablo járdeminde basqarılatuǵın piyodalar svetoforı
410,Eng kam oraliq,Eń kem aralıq
411,Eng kam tezlik,Eń kem tezlik
412,Eng kam tezlik belgilangan yoʻlning oxiri,Eń kem tezlik belgilengen joldıń aqırı
413,Eslatma:,Esletpe:
414,Evakuator ishlamoqda,Evakuator islemekte
415,Falokatli holatlar uchun kirish yoʻli,Falokatli jaǵdaylar ushın kiriw jolı
416,"Faqat avtomobillar, avtobus hamda mototsikllar, elektromototsiklar, mopedlar va skuterlarning harakatlanishi uchun mo‘ljallangan yo‘lni bildiradi.","Faqat avtomobiller, avtobus hám motocikller, elektromotocikller, mopedler hám skuterlerdiń háreketleniwi ushın móljellengen joldı bildiredi."
417,Faqat belgida koʻrsatilgan yoki undan yuqori tezlikda (km/soat) harakatlanishga ruxsat etilishini bildiradi.,Faqat belgide kórsetilgen yamasa onnan joqarı tezlikte (km/saat) háreketleniwge ruqsat etiliwin bildiredi.
418,"Faqat belgilarda ko‘rsatilgan ko‘rsatkichlar yo‘nalishlarida harakatlanishga ruxsat etiladi. Chapga burilishga ruxsat beruvchi belgilar qayrilib olishga ham ruxsat beradi. (Muayyan kesishmada talab etilgan harakatlanish yo‘nalishiga tegishli ko‘rsatkichlarning shakli tushirilgan 4.1.1 — 4.1.6 belgilarini qo‘llash mumkin).
4.1.1 — 4.1.6 belgilarining ta’siri yo‘nalishli transport vositalariga joriy qilinmaydi.
4.1.1 — 4.1.6 yo‘l belgilari qatnov qismlarining qaysi kesishmasidan oldin o‘rnatilsa, belgining ta’siri shu kesishmaga joriy qilinadi.
Yo‘lning qismi boshlanishida o‘rnatilgan 4.1.1 belgisining ta’siri yaqin chorrahagacha joriy qilinadi. Belgi o‘ng tomonda joylashgan hovlilarga va yo‘lga yondosh boshqa hududlarga burilishni taqiqlamaydi.",Faqat belgilerde kórsetilgen kórsetkishler jónelislerinde háreketleniwge ruqsat etiledi.
419,Faqat ko‘rsatkich ko‘rsatgan tomondan aylanib o‘tish ruxsat etiladi.,Faqat kórsetkish kórsetken tárepten aylanıp ótiw ruqsat etiledi.
420,Faqat piyodalar yurishiga ruxsat etiladi.,Faqat piyodalar júriwine ruqsat etiledi.
421,"Faqat velosiped va individual harakatlanish vositalarida harakatlanishga ruxsat etilishini bildiradi. Trotuar yoki piyodalar yo‘lkasi bo‘lmasa, velosiped yo‘lkasidan piyodalar ham yurishlari mumkin.",Faqat velosiped hám jeke háreketleniw qurallarında háreketleniwge ruqsat etiliwin bildiredi.
422,Faqat xizmat avtomobillari,Faqat xızmet avtomobilleri
423,Foto va video qayd etish,Foto hám video dizimge alıw
424,Gabarit balandligi (yuk bilan yoki yuksiz) belgida koʻrsatilganidan ortiq boʻlgan transport vositalarining harakatlanishi taqiqlanishini bildiradi.,Gabarit biyikligi (júk penen yamasa júksiz) belgide kórsetilgennen artıq bolǵan transport qurallarınıń háreketleniwi qadaǵan etiliwin bildiredi.
425,Gabarit kengligi (yuk bilan yoki yuksiz) belgida koʻrsatilganidan ortiq boʻlgan transport vositalarining harakatlanishi taqiqlanishini bildiradi.,Gabarit keńligi (júk penen yamasa júksiz) belgide kórsetilgennen artıq bolǵan transport qurallarınıń háreketleniwi qadaǵan etiliwin bildiredi.
426,Gabarit uzunligi (yuk bilan yoki yuksiz) belgida koʻrsatilganidan ortiq boʻlgan transport vositalari (transport vositalari tarkiblari)ning harakatlanishi taqiqlanishini bildiradi.,Gabarit uzınlıǵı (júk penen yamasa júksiz) belgide kórsetilgennen artıq bolǵan transport qurallarınıń háreketleniwi qadaǵan etiliwin bildiredi.
427,Hafta kunlari,Hápte kúnleri
428,"Haqiqiy umumiy vazni belgida koʻrsatilganidan ortiq boʻlgan transport vositalarining, shuningdek transport vositalari tarkiblarining harakatlanishi taqiqlanishini bildiradi.",Haqıyqıy ulıwma awırlıǵı belgide kórsetilgennen artıq bolǵan transport qurallarınıń háreketleniwi qadaǵan etiliwin bildiredi.
429,Har qanday o‘qiga tushadigan haqiqiy og‘irlik belgida ko‘rsatilganidan ortiq bo‘lgan transport vositalarining harakatlanishi taqiqlanadi.,Hár qanday kósherine tushertuǵın haqıyqıy awırlıǵı belgide kórsetilgennen artıq bolǵan transport qurallarınıń háreketleniwi qadaǵan etiledi.
430,Har tomonidan aylanib o‘tish ruxsat etiladi.,Hár tárepten aylanıp ótiw ruqsat etiledi.
431,"Harakat tartibga solinmagan chorrahalarda oldin oʻtish huquqini beradi. Belgi asosiy yoʻl boshiga va kesishuvlarning bevosita oldiga oʻrnatiladi.
Belgi asosiy yoʻl boshiga va chorrahalarning bevosita oldiga oʻrnatiladi.",Háreket tártipke salınbaǵan kósheler kesilispelerinde aldın ótiw huquqın beredi.
432,Harakatlanish bir tomonlama boʻlgan yoʻlga yoki qatnov qismiga chiqish.,Háreketleniw bir tárepleme bolǵan jolǵa yamasa qatnaw bólimine shıǵıw.
433,"Harakatlanish svetofor bilan tartibga solinadigan chorraha, piyodalar o‘tish joyi yoki yo‘l qismini bildiradi.","Háreketleniw svetofor menen tártipke salınatuǵın kósheler kesilispesi, piyodalar ótiw ornı yamasa jol bólimin bildiredi."
434,Harakatlanish taqiqlangan,Háreketleniw qadaǵan etilgen
435,Harakatlanish tasmasi,Háreketleniw tasması
436,Harakatlanish toʻgʻriga,Háreketleniw tuwrıǵa
437,Harakatlanish toʻgʻriga yoki oʻngga,Háreketleniw tuwrıǵa yamasa ońǵa
438,Harakatlanish toʻgʻriga yoki chapga,Háreketleniw tuwrıǵa yamasa shepke
439,Harakatlanish uchun vaqtincha yopib qoʻyilgan yoʻl qismini chetlab oʻtish chizmasi.,Háreketleniw ushın waqtınsha jawıp qoyılǵan jol bólimin shetleп ótiw sheması.
440,Harakatlanish vaqtincha yopib qoʻyilgan yoʻl qismini chetlab oʻtish yoʻnalishini bildiradi.,Háreketleniw waqtınsha jawıp qoyılǵan jol bólimin shetleп ótiw jónelisin bildiredi.
441,Harakatlanish oʻngga,Háreketleniw ońǵa
442,Harakatlanish oʻngga yoki chapga,Háreketleniw ońǵa yamasa shepke
443,Harakatlanish chapga,Háreketleniw shepke
444,Harakatlanish chizmasi,Háreketleniw sheması
445,Harakatlanishni ma’lum yo’nalishlarda tartibga soluvchi,Háreketleniwdi málim jónelislerde tártipke salıwshı
446,Harakatni tartibga solish uchun tayoq,Háreketni tártipke salıw ushın tayaqsha
447,"Haydovchi kesib oʻtilayotgan yoʻldan, 7.13 qoʻshimcha-axborot belgisi boʻlganda esa asosiy yoʻldan harakatlanayotgan transport vositasiga yoʻl berishi kerak.","Haydawshı kesip ótilip atırǵan joldan, 7.13 qosımsha-xabar belgisi bolǵanda bolsa bas joldan háreketlenip atırǵan transport quralına jol beriwi kerek."
448,Haydovchilarga toʻsiqning uzoqdan koʻrinishini taʼminlash maqsadida oʻrnatiladi. 4.2.1 — 4.2.3 yoʻl belgilari bilan birgalikda oʻrnatiladi.,Haydawshılarǵa tosqıqtıń uzaqtan kórinisin támiyinlew maqsetinde ornatıladı.
449,Haydovchilarga ularning 3.27 — 3.30 yoʻl belgilari taʼsir doirasida ekanliklari haqida axborot beradi.,Haydawshılarǵa olardıń 3.27 — 3.30 jol belgileri tásir doirasında ekenlikleri haqqında xabar beredi.
450,Haydovchilikni endi boshlagan,Haydawshılıqtı endi baslaǵan
451,Hojatxona,Hojatxana
452,I toifali radioaktiv materiallar;,I kategoriyalı radioaktivlik materiallar;
453,Ibodatxona,Ibodatxana
454,II toifali radioaktiv materiallar;,II kategoriyalı radioaktivlik materiallar;
455,III toifali radioaktiv materiallar;,III kategoriyalı radioaktivlik materiallar;
456,Ikki tomonlama harakatlanish,Eki tárepleme háreketleniw
457,Ikkinchi darajali yoʻl bilan kesishuv,Ekinshi dárejeli jol menen kesilisiw
458,Ikkinchi darajali yoʻl bilan tutashuv,Ekinshi dárejeli jol menen tutasıw
459,Individual harakatlanish vositalarini boshqarish taqiqlangan,Jeke háreketleniw quralların basqarıw qadaǵan etilgen
460,Infeksiyali moddalar;,Infeksiyalıq zatlar;
461,Ish kunlari,Is kúnleri
462,Ishoralari tik joylashgan,Isharaları tik jaylasqan
463,Ishoralari yotiq joylashgan,Isharaları jatıq jaylasqan
464,"Ichiga kengligi 50 millimetrli, diagonal bo‘yicha navbatma-navbat qizil va oq rangli chiziqlar tushirilgan, yorug‘lik qaytaradigan yuzali, o‘lchami 400 x 400 millimetrli to‘rtburchak shaklidagi belgi;",Úlken ólshemli júk belgisi;
465,Ichimlik suvi,Ishimlik suwı
466,Ichki ishlar bo‘limi,Ishki isler bólimi
467,Jome’ masjidi,Jome meshiti
468,Kar haydovchi,Sańıraw haydawshı
469,"Kar-soqov yoki kar haydovchi boshqarayotgan transport vositasining old va orqa tomonlarida — ichiga uchi pastga yo‘nalgan hayoliy teng tomonli uchburchakning burchaklari bo‘yicha diametri 40 millimetr bo‘lgan uchta qora doira tushirilgan, diametri 160 millimetrni tashkil etadigan sariq rangli doira ko‘rinishida;",Sańıraw-soqaw yamasa sańıraw haydawshı basqarıp baratırǵan transport quralınıń belgisi;
470,Katta o‘lchamli yuk,Úlken ólshemli júk
471,Kemiruvchi va sudralib yuruvchi hayvonlar,Kemiriwshi hám sudralıp júretuǵın haywanlar
472,Kemping,Kemping
473,Kilometr belgisi,Kilometr belgisi
474,Kirish taqiqlangan,Kiriw qadaǵan etilgen
475,"Kichik radiusli, koʻrinishi cheklangan yoʻlda harakatlanish yoʻnalishini va yoʻlning taʼmirlanayotgan qismini aylanib oʻtish yoʻnalishini bildiradi.","Kishi radiuslı, kórinisi sheklengen jolda háreketleniw jónelisin bildiredi."
476,Korroziyalanuvchi moddalar;,Korroziyalanıwshı zatlar;
477,"Korxona, tashkilot va qatnov qismi toraygan joylarda harakatlanishni tartibga soluvchi","Kárxana, shólkem hám qatnaw bólimi tarayıp qalǵan jaylarda háreketleniwdi tártipke salıwshı"
478,Koʻp izli temir yoʻl,Kóp izli temir jol
479,"Koʻrsatilgan manzillarga harakatlanish yoʻnalishlarini bildiradi. Belgilarda manzillargacha boʻlgan masofa (km) koʻrsatilishi, avtomagistrallar, aeroportlar va boshqa ramziy belgilar tasvirlangan boʻlishi mumkin.",Kórsetilgen mánzillerge háreketleniw jónelislerin bildiredi.
480,Ko‘rsatkichlar yo‘nalishlarida harakatlanish ruxsat etiladi.,Kórsetkishler jónelislerinde háreketleniwge ruqsat etiledi.
481,Koʻtarma koʻprik,Kóterme kópir
482,Koʻtarma koʻprik yoki solda kesib oʻtish.,Kóterme kópir yamasa solda kesip ótiw.
483,Koʻzi ojiz piyodalar,Kózi ázziz piyadalar
484,Maktab,Mektep
485,Maktab yoki maktabgacha ta’lim tashkilotlari oldida o‘rnatiladi.,Mektep yamasa mektepke shekemgi bilimlendiriw shólkemleri aldında ornatıladı.
486,Manzarali joy,Mánzaralı jay
487,Manzil nomi,Mánzil atı
488,Masofalar koʻrsatkichi,Aralıqlar kórsetkishi
489,"Maydon, binolar oldi va shunga oʻxshash joylar chetida toʻxtash va toʻxtab turish taqiqlanganda 3.27 — 3.30 belgilarining taʼsir oraligʻi va yoʻnalishini koʻrsatadi.","Maydan, binalar aldında toqtaw hám toqtap turıw qadaǵan etilgen aymaqtı kórsetedi."
490,Me’morchilik yodgorligi,Arxitekturalıq estelik
491,Mehmonxona yoki motel,Miymanxana yamasa motel
492,Mexanik transport vositalarining harakatlanishi taqiqlangan,Mexanikalıq transport qurallarınıń háreketleniwi qadaǵan etilgen
493,Mol haydab oʻtish,Mal haydap ótiw
494,Mototsikl va elektromototsikllar harakatlanishi taqiqlangan,Motocikl hám elektromotocikller háreketleniwi qadaǵan etilgen
495,Nam qoplama,Iǵal qaplama
496,Navbat bilan o‘tish,Gezek penen ótiw
497,Nazorat joyi,Qadaǵalaw jayı
498,Nogironlar,Mayıplar
499,Nogironlar mustasno,Mayıplardan tısqarı
500,Nogironligi bo‘lgan shaxs,Mayıplıǵı bolǵan shaxs
501,Notekis yoʻl,Tegis emes jol
502,Notekis yo‘l,Tegis emes jol
503,Obʼektgacha boʻlgan masofa,Obyektke shekemgi aralıq
504,Ogohlantiruvchi belgilar bilan belgilangan xavfli joyning uzunligini yoki taqiqlovchi va axborot-koʻrsatkich belgilarining taʼsir oraligʻini koʻrsatadi.,Eskertiwshi belgiler menen belgilengen qáwipli jaydıń uzınlıǵın kórsetedi.
505,Ogohlantiruvchi belgilarda koʻzda tutilmagan xavf-xatarlar boʻlgan yoʻl qismini bildiradi.,Eskertiwshi belgilerde kózde tutılmaǵan qáwip-qáterler bolǵan jol bólimin bildiredi.
506,Oksidlovchi moddalar;,Oksidleniwshi zatlar;
507,Organik peroksidlar;,Organikalıq peroksidler;
508,"Ot-arava (chana), otliqlar, yuk ortilgan hayvonlarning harakatlanishi, shuningdek mol (poda) haydab oʻtish taqiqlanishini bildiradi.","At-araba, otlılar, júk artılǵan haywanlardıń háreketleniwi qadaǵan etiliwin bildiredi."
509,Ot-arava harakatlanishi taqiqlangan,At-araba háreketleniwi qadaǵan etilgen
510,Oxiri berk yoʻl,Aqırı berk jol
511,Oyning juft kunlarida toʻxtab turish taqiqlangan,Aydıń jup kúnlerinde toqtap turıw qadaǵan etilgen
512,Oyning toq kunlarida toʻxtab turish taqiqlangan,Aydıń taq kúnlerinde toqtap turıw qadaǵan etilgen
513,Oshxona,Asxana
514,Pastlab uchuvchi qushlar,Pásh pash etip ushatuǵın quslar
515,Pastlab uchuvchi samolyotlar,Pásh pash etip ushatuǵın samolyotlar
516,Piyodalar svetoforlari,Piyadalar svetoforları
517,Piyodalar yoʻlkasi,Piyadalar jolı
518,Piyodalar oʻtish joyi,Piyadalar ótiw ornı
519,"Piyodalar, velosipedchilar va individual harakatlanish vositalarining birgalikdagi harakati tashkil etilgan yo‘lak","Piyadalar, velosipedchiler hám jeke háreketleniw qurallarınıń birgeliktegi háreketi shólkemlestirilgen jolak"
520,"Piyodalar, velosipedchilar va individual harakatlanish vositalarining birgalikdagi harakati tashkil etilgan yo‘lakning oxiri","Piyadalar, velosipedchiler hám jeke háreketleniw qurallarınıń birgeliktegi háreketi shólkemlestirilgen jolaktıń aqırı"
521,"Piyodalar, velosipedchilar va individual harakatlanish vositalarining harakati alohida tashkil etilgan yo‘lak","Piyadalar, velosipedchiler hám jeke háreketleniw qurallarınıń háreketi bólek shólkemlestirilgen jolak"
522,"Piyodalar, velosipedchilar va individual harakatlanish vositalarining harakati alohida tashkil etilgan yo‘lakning oxiri","Piyadalar, velosipedchiler hám jeke háreketleniw qurallarınıń háreketi bólek shólkemlestirilgen jolaktıń aqırı"
523,Piyodalarning er ostidan oʻtish joyi,Piyadalardıń jer astınan ótiw ornı
524,Piyodalarning er ustidan oʻtish joyi,Piyadalardıń jer ústinden ótiw ornı
525,Piyodalarning harakatlanishi taqiqlangan,Piyadalardıń háreketleniwi qadaǵan etilgen
526,Piyodalarning yo‘l yoqasidan yurishi mumkin bo‘lgan hudud,Piyadalardıń jol jaǵasınan júriwi múmkin bolǵan aymaq
527,"Portlovchi moddalar va 1.1, 1.2 va 1.3 kichik klasslar buyumlari;",Portlawshı zatlar;
528,Portlovchi moddalar va 1.4 kichik klass buyumlari;,Portlawshı zatlar (1.4 kishi klass);
529,Portlovchi moddalar va 1.5 kichik klass buyumlari;,Portlawshı zatlar (1.5 kishi klass);
530,Portlovchi moddalar va 1.6 kichik klass buyumlari;,Portlawshı zatlar (1.6 kishi klass);
531,Portlovchi va tez alangalanuvchi yukni tashiyotgan transport vositasining harakati taqiqlangan,Portlawshı hám tez janıwshı júkti tasıp baratırǵan transport quralınıń háreketi qadaǵan etilgen
532,Pullik to‘xtab turish joyi,Tólewli toqtap turıw ornı
533,Pullik xizmat koʻrsatish joyi,Tólewli xızmet kórsetiw ornı
534,Qarama-qarshi harakatlanishni qiyinlashtiradigan hollarda yoʻlning tor qismiga kirish taqiqlanadi. Haydovchi yoʻlning tor qismida boʻlgan yoki roʻparadan unga yaqin boʻlgan transport vositasiga yoʻl berishi kerak.,Qarama-qarsı háreketleniwdi qıyınlastıratuǵın jaǵdaylarda joldıń tar bólimine kiriw qadaǵan etiledi.
535,Qatnov qismi kesishmasi hududi,Qatnaw bólimi kesilispeleri aymaǵı
536,"Qatnov qismi notekis boʻlgan yoʻl (oʻnqir-choʻnqir, oʻydim-chuqur joylar, koʻprikning yoʻlga notekis tutashuvi va shu kabilar) qismini bildiradi.",Qatnaw bólimi tegis bolmaǵan jol bólimin bildiredi.
537,Qayrilib olish joyi,Qayrılıp alıw ornı
538,Qayrilib olish oraligʻi,Qayrılıp alıw aralıǵı
539,Qayrilib olish oraligʻining uzunligini bildiradi. Chapga burilish taqiqlanadi.,Qayrılıp alıw aralıǵınıń uzınlıǵın bildiredi.
540,Qayrilish taqiqlangan,Qayrılıw qadaǵan etilgen
541,Qizil retroreflektorli disk,Qızıl retroreflektorlı disk
542,Qizil chiroqda oʻngga harakatlanish,Qızıl shıraqta ońǵa háreketleniw
543,Qo’shimcha tarmoqli,Qosımsha tarmaqlı
544,Quvib oʻtish taqiqlangan,Basıp ozıw qadaǵan etilgen
545,Quvib o‘tish taqiqlangan,Basıp ozıw qadaǵan etilgen
546,Quvib oʻtish taqiqlangan hududning oxiri,Basıp ozıw qadaǵan etilgen aymaqtıń aqırı
547,"Qo‘llari yon tomonga uzatilganda yoki tushirilganda:
chap va o‘ng yon tomonidan tramvayga to‘g‘riga, relssiz transport vositalariga to‘g‘riga va o‘ngga harakatlanishga, piyodalarga qatnov qismini kesib o‘tishga ruxsat beriladi;
old va orqa tomonidan barcha transport vositalari va piyodalarning harakatlanishi taqiqlanadi.
O‘ng qo‘li oldinga uzatilganda:
chap yonidan tramvayga chapga, relssiz transport vositalariga barcha yo‘nalishlarda;
oldi tomonidan barcha transport vositalariga faqat o‘ngga harakatlanishga ruxsat beriladi;
orqa tomonidan va o‘ng yonidan barcha transport vositalarining harakatlanishi taqiqlanadi;
piyodalarga tartibga soluvchining orqa tomonida qatnov qismini kesib o‘tishga ruxsat etiladi.
Qo‘lini yuqoriga ko‘targanda:
ushbu Qoidalarning 42-bandida ko‘rsatilganidan boshqa hollarda transport vositalari va piyodalarning barcha yo‘nalishlarda harakatlanishi taqiqlanadi;
tartibga soluvchi haydovchi va piyodalarga tushunarli bo‘lgan boshqa ishoralarni ham berishi mumkin. Ishoralar yaxshi ko‘rinishi uchun tartibga soluvchi jezl yoki yorug‘lik qaytaradigan qizil rangli moslamalarni qo‘llashi mumkin. Shuningdek, tartibga soluvchi o‘z faoliyatini maxsus moslama (tumba) ustida turib olib borishi mumkin.",Qolları jan tárepke uzatılǵanda yamasa túsirilgende:
548,Qo‘riqxona,Qorıqxana
549,"Qo‘shimcha-axborot belgilari qaysi belgi bilan birga joriy etilsa, bevosita shu belgi tagiga joylashtiriladi. 7.2.2 — 7.2.4, 7.13 qo‘shimcha-axborot belgilari qatnov qismining, yo‘l yoqasining, trotuarning tepasiga o‘rnatilgan belgilarining yoniga joylashtiriladi.
Vaqtincha (ko‘chma tirgakdagi) va doimiy belgilar ma’no jihatidan bir-biriga zid kelgan hollarda haydovchilar vaqtincha o‘rnatilgan belgilarga amal qilishlari kerak.
1,8 1.15, 1.16, 1.31, 1.17, 1.18.1 — 1.18.3, 1.21, 1.30, 2.6, 2.7, 3.1, 3.2, 3.11 — 3.16, 3.18.1 — 3.18.25 yo‘l belgilari vaqtincha yo‘l belgilari sifatida belgilanishi mumkin. Vaqtincha yo‘l belgilari sariq rangda bo‘ladi.",Qosımsha-xabar belgileri tiyisli belginiń astına jaylastırıladı.
550,Radar,Radar
551,Radio aloqasi,Radio baylanısı
552,Reversiv,Reversiv
553,Reversiv harakatlanish,Reversiv háreketleniw
554,Reversiv harakatlanish yoʻliga chiqish,Reversiv háreketleniw jolına shıǵıw
555,Reversiv harakatlanishning oxiri,Reversiv háreketleniwdiń aqırı
556,Ruxsat etilgan toʻla vazni cheklangan,Ruqsat etilgen tolıq awırlıǵı sheklengen
557,Roʻpara harakatlanishning ustunligi,Qarama-qarsı háreketleniwdiń ústinligi
558,Ro‘para harakatlanishning ustunligi,Qarama-qarsı háreketleniwdiń ústinligi
559,Roʻparadagi harakatlanishga nisbatan imtiyoz,Qarama-qarsı háreketleniwge salıstırǵanda imtiyaz
560,Ro‘paradagi harakatlanishga nisbatan imtiyoz,Qarama-qarsı háreketleniwge salıstırǵanda imtiyaz
561,Sirpanchiq yoʻl,Tayǵaq jol
562,Sirpanchiq yo‘l,Tayǵaq jol
563,Skuter va mopedlar harakatlanishi taqiqlangan,Skuter hám mopedler háreketleniwi qadaǵan etilgen
564,Soatiga 40 km dan kam tezlikda harakatlanayotgan yakka transport vositasidan boshqa transport vositalarini quvib oʻtish taqiqlanishini bildiradi.,40 km/saatdan kem tezliktegi transporttan basqasın basıp ozıw qadaǵan.
565,Sohilga chiqish,Jaǵaǵa shıǵıw
566,Sun’iy notekislik,Jasalma tegis emeslik
567,Sunʼiy ravishda yoritilmagan yoki kirish peshtogʻining koʻrinishi cheklangan tunnelni bildiradi.,Joritılmaǵan yamasa kórinisi sheklengen tunnel.
568,Sunʼiy yoʻl notekisligi,Jasalma jol tegis emesligi
569,Suv tekkanda tez alangalanadigan gaz ajratuvchi moddalar;,Suw tiygende tez janatuǵın gaz ajıratıwshı zatlar;
570,Svetofor bilan tartibga solish,Svetofor menen tártipke salıw
571,Svetoforning (tartibga soluvchining) taqiqlovchi ishorasida transport vositalari toʻxtaydigan yo‘nalishini bildiradi.,Svetofordıń qadaǵan etiwshi isharasında transport toqtaytuǵın jónelis.
572,"T-simon chorrahada yoki yoʻl ayrilishlarida harakatlanish yoʻnalishini, taʼmirlanayotgan yoʻl qismini aylanib oʻtish yoʻnalishini bildiradi.",T-formasındaǵı kósheler kesilispesinde háreketleniw jónelisi.
573,Ta’mirlash ishlari,Ońlaw jumısları
574,Tartibga solinmagan chorraha va piyodalar o’tish joylarini belgilaydigan,Tártipke salınbaǵan kósheler kesilispesi hám piyodalar ótiw orınları.
575,Tartibga soluvchining ishoralari,Tártipke salıwshınıń isharaları
576,Tasma boʻyicha harakatlanish yoʻnalishi,Tasma boyınsha háreketleniw jónelisi
577,"Tasma bo‘yicha ruxsat etilgan harakatlanish yo‘nalishi. Boshqa yo‘nalishlar bo‘yicha harakatlanish taqiqlanadi.
Yo‘lning chetki chap bo‘lagidan chapga burilishga ruxsat beruvchi 5.8.1 va 5.8.2 belgilari shu tasmadan qayrilishga ham ruxsat beradi.
Chorrahadan oldin o‘rnatilgan 5.8.1 va 5.8.2 belgilarining ta’siri, agar shu turkumdagi boshqa belgilar o‘rnatilmagan bo‘lsa, butun chorrahaga tatbiq etiladi.",Tasma boyınsha ruqsat etilgen háreketleniw jónelisi.
578,Tasma oxiri,Tasmanın aqırı
579,Tasmalar boʻyicha harakat yoʻnalishi,Tasmalar boyınsha háreket jónelisi
580,Tasmalar bo‘yicha harakatlanish yo‘nalishi,Tasmalar boyınsha háreketleniw jónelisi
581,"Tasmalar soni va har biri bo‘yicha ruxsat etilgan harakatlanish yo‘nalishlari. Boshqa yo‘nalishlar bo‘yicha harakatlanish taqiqlanadi.
Yo‘lning chetki chap bo‘lagidan chapga burilishga ruxsat beruvchi 5.8.1 va 5.8.2 belgilari shu tasmadan qayrilishga ham ruxsat beradi.
Chorrahadan oldin o‘rnatilgan 5.8.1 va 5.8.2 belgilarining ta’siri, agar shu turkumdagi boshqa belgilar o‘rnatilmagan bo‘lsa, butun chorrahaga tatbiq etiladi.",Tasmalar sanı hám ruqsat etilgen háreketleniw jónelisleri.
582,Tasmaning boshlanishi,Tasmanın baslanıwı
583,Tavsiya etilgan tezlik,Usınıs etilgen tezlik
584,Taʼmirlash ishlari,Ońlaw jumısları
585,Taʼsir oraligʻi,Tásir aralıǵı
586,Taʼsir yoʻnalishlari,Tásir jónelisleri
587,Telefon,Telefon
588,Temir yo’l kesishmalarda harakatlanishni tartibga soluvchi,Temir jol kesilpesinde háreketleniwdi tártipke salıwshı
589,Temir yoʻl kesishmasiga yaqinlashish,Temir jol kesilpesine jaqınlasıw
590,Temir yo‘l vokzali,Temir jol vokzalı
591,Teng ahamiyatli yoʻllar kesishuvi,Teń áhmiyetli jollardıń kesilisiwi
592,Tez alangalanadigan gazlar va suyuqliklar;,Tez janatuǵın gazler hám suyıqlıqlar;
593,"Tez alangalanadigan qattiq moddalar, o‘zi reaktiv moddalar va desensibilashgan portlovchi moddalar;",Tez janatuǵın qattı zatlar;
594,Tezlik cheklangan,Tezlik sheklengen
595,Tibbiy yordam koʻrsatish joyi,Medicinalıq járdem kórsetiw ornı
596,Tik balandlik,Tik biyiklik
597,Tik nishablik,Tik nishablıq
598,Tirbandlik,Kestelesiw (Probka)
599,Tirkama bilan harakatlanish taqiqlanadi,Tirkes (Pricep) penen háreketleniw qadaǵan etiledi
600,Toksik moddalar;,Toksikalıq zatlar;
601,Tovush moslamalaridan foydalanish taqiqlangan,Dawıs úskenelerinden paydalanıw qadaǵan etilgen
602,"Tosh koʻchishi, surilishi va tushishi mumkin boʻlgan yoʻl qismini bildiradi.",Tas kóshiwi yamasa túsiwi múmkin bolǵan jol bólimi.
603,Tosh otilishi xavfi,Tas atılıwı qáwipi
604,Toshlar tushishi,Taslar túsiwi
605,Traktorlar harakatlanishi taqiqlangan,Traktorlar háreketleniwi qadaǵan etilgen
606,"Traktorlar, oʻziyurar moslamalarning harakatlanishi taqiqlanishini bildiradi.",Traktorlar hám ózi júrer úskenelerdiń háreketleniwi qadaǵan.
607,Tramvay toʻxtash joyi,Tramvay toqtaw ornı
608,Tramvay va yo’nalishli boshqa transport vositalarini harakatini tartibga soluvchi,Tramvay hám jónelisli transport háreketin tártipke salıwshı
609,Tramvay yoʻli bilan kesishuv,Tramvay jolı menen kesilisiw
610,"Transport svetofori qizil chirogʻining oʻng yoniga 5.42 yoʻl belgisi oʻrnatilgan boʻlsa, transport vositalarining haydovchilari svetoforning taqiqlovchi ishorasi yonib turganda, barcha xavfsizlik choralarini koʻrgan holda oʻngga burilishlari mumkin. Bunda ular harakat yoʻnalishi boʻyicha va burilayotgan koʻchani kesib oʻtayotgan piyodalarga hamda boshqa transport vositalariga yoʻl berishlari shart.",Qizil shıraqta barlıq qáwipsizlik ilajların kórgen halda ońǵa burılıw múmkinligi.
611,Transport vositalari butun kenglik boʻyicha bir yoʻnalishda harakatlanadigan yoʻl yoki qatnov qismi.,Bir jóneliste háreketlenetuǵın jol yamasa qatnaw bólimi.
612,"Transport vositalari yo‘nalishida harakatlanadigan yo‘nalishli transport vositalari uchun mo‘ljallangan tasmani bildiradi.
Belgi qaysi tasma ustida joylashgan bo‘lsa, shu tasmaga tatbiq etiladi. Yo‘lning o‘ng tomoniga o‘rnatilgan belgining ta’siri o‘ng tasmaga tatbiq etiladi.",Jónelisli transport quralları ushın móljellengen tasma.
613,"Transport vositalarining tekshirib o‘tkazilishi majburiy bo‘lgan vaqtincha yoki doimiy nazorat punktlarida o‘rnatiladi.
Ushbu yo‘l belgisi 2.5 yo‘l belgisi bilan birga o‘rnatilishi mumkin.",Májburiy qadaǵalaw punktlerinde ornatıladı.
614,Transport vositalarining to‘xtab turishi taqiqlanadi (xizmat vazifasini bajarayotgan xodimga biriktirilgan ko‘k yoki qizil yoxud ko‘k va qizil rangli yaltiroq mayoqchasi bilan jihozlangan hamda maxsus rangli bo‘yoq sxemalar va yozuvlar bilan belgilangan transport vositalari bundan mustasno).,Transport qurallarınıń toqtap turıwı qadaǵan etiledi.
615,Transport vositalarining to‘xtashi va to‘xtab turishi taqiqlanadi (xizmat vazifasini bajarayotgan xodimga biriktirilgan ko‘k yoki qizil yoxud ko‘k va qizil rangli yaltiroq mayoqchasi bilan jihozlangan hamda maxsus rangli bo‘yoq sxemalar va yozuvlar bilan belgilangan transport vositalari bundan mustasno).,Transport qurallarınıń toqtawı hám toqtap turıwı qadaǵan etiledi.
616,Transport vositasini toʻxtab turish joyiga qoʻyish usuli,Transport quralın toqtap turıw ornına qoyıw usılı
617,Transport vositasining davlat raqami,Transport quralınıń mámleketlik raqamı
618,Transport vositasining turi,Transport quralınıń túri
619,"Transport vositasining gʻildiragi ostidan shagʻal, tosh va shunga oʻxshashlarning otilib chiqish ehtimoli boʻlgan yoʻl qismini bildiradi.",Dóngelek astınan tás-shagallardıń atılıp shıǵıw itimallıǵı bar jol.
620,Tunnel,Tunnel
621,Turar joy dahasi,Jasaw jay aymaǵı
622,Turar joy dahasining oxiri,Jasaw jay aymaǵınıń aqırı
623,Turistik axborot markazi,Turistlik xabar orayı
624,Turizm axborot markazi,Turizm xabar orayı
625,Turizm obyektlari,Turizm obyektleri
626,"Turizm obyektlari joylashgan manzillarga harakatlanish yo‘nalishlarini bildiradi. Belgilarda manzillargacha bo‘lgan masofa (km) ko‘rsatilishi, temir yo‘l vokzallari, aeroportlar va boshqa turizm obyektlari ramziy belgilari tasvirlangan bo‘lishi mumkin.",Turizm obyektleri jaylasqan mánzillerge háreketleniw jónelisleri.
627,Turizm obyektlari yo‘nalish ko‘rsatgichi,Turizm obyektleri jónelis kórsetkishi
628,Turumlangan,Tırnaqlı (shinalar)
629,"Toʻla vazni 3,5 tonnadan (agar vazni belgida koʻrsatilmagan boʻlsa) yoki toʻla vazni belgida koʻrsatilgandan ortiq boʻlgan yuk avtomobillari va transport vositalari tarkiblarining, shuningdek traktorlar, oʻziyurar moslamalarning harakatlanishi taqiqlanishini bildiradi. 3.4 yoʻl belgisi bortlariga qiya oq chiziq tortilgan yoki odamlarni tashish uchun moʻljallangan yuk avtomobillarining harakatlanishini taqiqlamaydi.","Tolıq awırlıǵı 3,5 tonnadan artıq bolǵan júk avtomobillerine háreket qadaǵan."
630,"Toʻla vazni 3,5 tonnadan ortiq boʻlgan yuk avtomobillarida barcha transport vositalarini quvib oʻtish taqiqlanishini bildiradi. (soatiga 40 km dan kam tezlikda harakatlanayotgan transport vositasi, traktor, ot-arava, velosiped bundan mustasno).",Júk avtomobillerinde barlıq transport quralların basıp ozıw qadaǵan.
631,Toʻlov asosida xizmat koʻrsatilishini bildiradi.,Tólem tiykarında xızmet kórsetiliwin bildiredi.
632,Toʻsiq,Tosqıq
633,To‘siqni o‘ngdan aylanib o‘tish,Tosqıqtı ońnan aylanıp ótiw
634,To‘siqni o‘ngdan yoki chapdan aylanib o‘tish,Tosqıqtı ońnan yamasa shepten aylanıp ótiw
635,To‘siqni chapdan aylanib o‘tish,Tosqıqtı shepten aylanıp ótiw
636,Toʻxtab turish joyi,Toqtap turıw ornı
637,Toʻxtab turish muddati cheklangan,Toqtap turıw múddeti sheklengen
638,Toʻxtab turish taqiqlangan,Toqtap turıw qadaǵan etilgen
639,Toʻxtamasdan harakatlanish taqiqlangan,Toqtamastan háreketleniw qadaǵan etilgen
640,Toʻxtash taqiqlangan,Toqtaw qadaǵan etilgen
641,Toʻxtash chizigʻi,Toqtaw sızıǵı
642,"Toʻxtash chizigʻi oldida, agar u boʻlmasa, kesib oʻtiladigan qatnov qismining chetida toʻxtamasdan harakatlanish taqiqlanadi. Haydovchi kesib oʻtilayotgan yoʻldan, 7.13 qoʻshimcha-axborot belgisi boʻlganda esa asosiy yoʻldan harakatlanayotgan transport vositalariga yoʻl berishi kerak.
Bu belgi temir yoʻl kesishmasi yoki karantin maskanidan oldin oʻrnatilishi mumkin. Bunday hollarda haydovchi toʻxtash chizigʻi oldida, u boʻlmasa, belgi oldida toʻxtashi kerak.",Toqtaw sızıǵı aldında toqtamastan háreketleniw qadaǵan etiledi.
643,Uzun o‘lchamli transport vositasi,Uzın ólshemli transport quralı
644,"Ushbu bandda nazarda tutilgan taniqlik belgilardan boshqa taniqlik belgilarini o‘rnatish, shuningdek, transport vositasining kuzovi va oynalariga turli xil yozuvlar kiritish taqiqlanadi, transport vositasining kuzoviga reklama maqsadlarida belgilangan tartibda yozuvlar kiritish bundan mustasno.",Taniqlıq belgilerin ornatıw tártibi haqqındaǵı maǵlıwmatlar.
645,Ushbu Qoidalarning aholi punktlarida harakatlanish tartib-talablari bekor qilingan joyni bildiradi.,Elatlı punktlerde háreketleniw tártibi bıykár etilgen jay.
646,Ushbu Qoidalarning aholi punktlarida harakatlanish tartibini belgilovchi talablariga amal qilinadigan joylarning nomi hamda uning boshlanishini bildiradi.,Elatlı punktlerde háreketleniw tártibi qollanılatuǵın jay.
647,Ushbu Qoidalarning aholi punktlarida harakatlanish tartibini belgilovchi talablariga amal qilinmaydigan joylarning nomi hamda uning boshlanishini bildiradi.,Elatlı punktlerde háreketleniw tártibi qollanılmaytuǵın jay.
648,Ushbu yo‘l belgisi boshqariladigan to‘suvchi qurilmasiga yetmasdan o‘rnatiladi va transport vositalari haydovchilarini oldinda to‘suvchi qurilma borligi haqida ogohlantiradi.,Aldında basqarılatuǵın tosqıq qurılması bar ekenligin bildiredi.
649,Ushbu yoʻl belgisi vaqtinchalik yoki tasviri oʻzgaradigan holatda tirbandlik hosil boʻlgan yoʻl yoki chorrahaga kirish oldidan yoʻlni yoki chorrahani aylanib oʻtish imkoniyati boʻlgan joyga oʻrnatiladi.,Kestelesiwdi aylanıp ótiw imkaniyatı bar jayǵa ornatıladı.
650,Uch tasmali yo‘llarda shu yo‘nalishda harakatlanish uchun mo‘ljallangan o‘rta tasma qismining boshlanishi.,Úsh tasmalı jollarda orta tasmanın baslanıwı.
651,Uch tasmali yo‘llarda shu yo‘nalishda harakatlanish uchun mo‘ljallangan o‘rta tasma qismining oxirini bildiradi.,Úsh tasmalı jollarda orta tasmanın aqırı.
652,Vazn cheklangan,Awırlıq sheklengen
653,Velosiped va mopedlarning harakatlanishi taqiqlanishini bildiradi.,Velosiped hám mopedlerdiń háreketleniwi qadaǵan.
654,Velosiped yo‘lkasi,Velosiped jolı
655,Velosiped yoʻlkasi bilan kesishuv,Velosiped jolı menen kesilisiw
656,Velosipedda harakatlanish taqiqlangan,Velosipedte háreketleniw qadaǵan etilgen
657,Velosipedchilar svetoforlari,Velosipedshiler svetoforları
658,Velosipedchilar va individual harakatlanish vositalari uchun tasma,Velosipedchiler hám jeke háreketleniw quralları ushın tasma
659,Velosipedchilar va individual harakatlanish vositalari uchun tasmaning oxiri,Velosipedchiler hám jeke háreketleniw quralları ushın tasmanın aqırı
660,Xavf-xatar,Qáwip-qáter
661,Xavfli burilish,Qáwipli burılıs
662,Xavfli burilishlar,Qáwipli burılıslar
663,Xavfli yuk,Qáwipli júk
664,Xavfli yuk tashiyotgan transport vositalarining harakat yoʻnalishi,Qáwipli júk tasıp baratırǵan transport jónelisi
665,Xavfli yuk tashiyotgan transport vositasining harakati taqiqlangan,Qáwipli júk tasıp baratırǵan transportqa háreket qadaǵan.
666,Xavfli yuk toifasi,Qáwipli júk kategoriyası
667,Xavfli yuk toifasining (toifalarining) raqamini koʻrsatadi.,Qáwipli júk kategoriyasının raqamın kórsetedi.
668,"Xavfli yukni tashiyotgan transport vositasining old va orqa tomoniga o‘rnatilgan o‘lchami 690 x 300 millimetr, o‘ng qismi 400 x 300 millimetr bo‘lgan zarg‘aldoq rangli, chap qismi esa yukning xavfli xususiyatini bildirib turgan belgilar tushirilgan qora hoshiyali (kengligi 15 millimetr) oq rangdagi to‘rtburchak shaklidagi belgi (ushbu Qoidalarga 4-ilova);",Qáwipli júk tasıp baratırǵan transport quralınıń tanıw belgisi.
669,Xavfli yoʻl yoqasi,Qáwipli jol jaǵası
670,Xizmat ko‘rsatish maydoni,Xızmet kórsetiw maydanı
671,Yengil avtomobillar harakati,Jeńil avtomobiller háreketi
672,"Yengil avtomobillar, avtobus, mototsikllar, mopedlar, skuterlar, belgilangan yo‘nalishli transport vositalari va ruxsat etilgan to‘liq vazni 3,5 tonnadan oshmaydigan yuk avtomobillari harakatlanishiga ruxsat etilishini bildiradi.
Belgining ta’sir oralig‘ida yashovchi va ishlovchi fuqarolarga tegishli, ularga va korxonalarga xizmat ko‘rsatuvchi transport vositalariga bu belgi tatbiq etilmaydi. Bunday hollarda transport vositalari belgilangan joyga eng yaqin chorrahadan kirib yoki chiqib ketishlari kerak.","Jeńil avtomobiller hám 3,5 tonnadan aspıytuǵın júk mashinalarına ruqsat."
673,Yer osti avtomobil qo‘yish joyi,Jer astı avtomobil qoyıw ornı
674,Yer usti avtomobil qo‘yish joyi,Jer ústi avtomobil qoyıw ornı
675,Yonlama shamol,Janlama samal
676,Yovvoyi hayvonlar,Jırtqısh haywanlar
677,YPX maskani,JPX (YPX) maskanı
678,Yuk avtomobillari uchun harakatlanish yoʻnalishi,Júk avtomobilleri ushın háreketleniw jónelisi
679,"Yuk avtomobillari va traktorlarning barcha turdagi tirkamalar bilan harakatlanishi, shuningdek, mexanik transport vositalarini shatakka olish taqiqlanadi.",Júk avtomobilleri hám traktorlardıń tirkes penen háreketleniwi qadaǵan.
680,"Yuk avtomobillari va g‘ildirakli traktor (1,4 tonna va undan yuqori)larda tirkama bo‘lganda, shuningdek tutashtirilgan avtobus va trolleybus kabinalari tomining old qismi o‘rtasiga bir qator qilib 150 dan 300 millimetrgacha oraliqda ko‘ndalang joylashgan uchta zarg‘aldoq rangli chiroq yoki ichidan yoritiladigan, tomonlarining har biri 250 millimetr bo‘lgan sariq rangli uchburchak shaklidagi belgi;",Tirkesli transport quralları ushın tanıw belgileri.
681,Yuk avtomobillarida quvib oʻtish taqiqlangan,Júk avtomobillerinde basıp ozıw qadaǵan etilgen
682,Yuk avtomobillarida quvib o‘tish taqiqlangan,Júk avtomobillerinde basıp ozıw qadaǵan etilgen
683,Yuk avtomobillarida quvib oʻtish taqiqlangan hududning oxiri,Júk avtomobillerinde basıp ozıw qadaǵan etilgen aymaqtıń aqırı
684,Yuk avtomobillarining harakatlanishi taqiqlangan,Júk avtomobilleriniń háreketleniwi qadaǵan etilgen
685,"Yukli va yuksiz uzunligi 20 metrdan oshadigan transport vositasining, ikki yoki undan ko‘proq tirkamali avtopoezdlarning orqasida — kengligi 40 millimetr bo‘lgan qizil hoshiyali, o‘lchami 1200×200 millimetr bo‘lgan, sariq rangli, nur qaytaruvchi to‘rtburchak shaklidagi belgi.
Ko‘rsatilgan o‘lchamli belgini joylashtirishning imkoniyati bo‘lmasa, bir xil ikkita 600×200 millimetr o‘lchamdagi belgini transport vositasining o‘qiga simmetrik ravishda o‘rnatishga yo‘l qo‘yiladi;",Uzın ólshemli transport quralları ushın tanıw belgisi.
686,Yuqori tezlik cheklangan,Joqarı tezlik sheklengen
687,Yuqori tezlik cheklangan hududning oxiri,Joqarı tezlik sheklengen aymaqtıń aqırı
688,Yoʻl bering!,Jol beriń!
689,"Yoʻl harakati ishtirokchilarining harakatlari maxsus avtomatlashtirilgan foto va video qayd etish texnika vositalari orqali qayd etilayotganligini bildiradi. Ogohlantiruvchi, imtiyoz, taqiqlovchi, buyuruvchi va axborot ishora belgilari bilan birgalikda qoʻllaniladi.",Jol háreketi foto hám video qurallar arqalı dizimge alınbaqta.
690,Yoʻl harakati qoidalarining avtomagistrallarda harakatlanish tartibi oʻrnatilgan yoʻlni bildiradi.,Avtomagistrallarda háreketleniw tártibi ornatılǵan jol.
691,Yoʻl harakati qoidalarining turar joy dahalarida harakatlanish tartibi oʻrnatilgan yoʻl.,Jasaw jay aymaqlarında háreketleniw tártibi ornatılǵan jol.
692,Yoʻl harakati ushbu Qoidalaridagi 128-bandda koʻrsatilgan holatlarda foydalaniladigan yoʻl.,Jol háreketiniń ayrıqsha jaǵdaylarda paydalanılatuǵın jolı.
693,Yoʻl ishlari bajarilayotgani sababli yoʻl yoqasiga chiqish xavfli ekanligi haqida ogohlantiradi. 1.23 belgisi bilan qoʻllaniladi.,Jol jaǵasına shıǵıw qáwipli ekenligi haqqında eskertedi.
694,Yoʻl raqami,Jol raqamı
695,Yoʻl transport hodisasining oldini olish hollaridan boshqa vaziyatlarda tovush moslamasidan foydalanish taqiqlanishini bildiradi.,Dawıs úskenesinden paydalanıw qadaǵan etilgen.
696,"Yo‘l-transport hodisasi, avariya, yong‘in yoki boshqa xavf-xatar vaziyatlar tufayli, istisnosiz, barcha transport vositalarining bundan keyin harakatlanishi taqiqlanadi.",Barlıq transport qurallarınıń háreketleniwi qadaǵan etiledi.
697,Yoʻldan chetda joylashgan manzilgacha boʻlgan masofani bildiradi.,Joldan shette jaylasqan mánzilge shekemgi aralıq.
698,"Yo‘llarda avtomobil haydovchilari belgilangan tezlikka rioya etishi radarlar yordamida nazorat qilinayotganligini bildiruvchi yo‘l belgisi.
Ushbu yo‘l belgisi belgilangan harakatlanish tezligi statsionar maxsus texnika vositalari yordamida nazoratga olingan joylarga o‘rnatiladi.
Shuningdek, viloyat, tuman, shaharlar boshlanadigan joylardagi ko‘cha va yo‘llarda harakatlanish tezligi mobil radarlar yordamida nazorat qilinayotganligi to‘g‘risida haydovchilarni ogohlantirish maqsadida o‘rnatilishi mumkin.",Tezlik radarlar járdeminde qadaǵalanyatırǵanlıǵın bildiredi.
699,Yo‘llarda avtomobil haydovchilari Qoidalar talabiga rioya etishi elektron qurilmalar yordamida nazorat qilinayotganligini bildiruvchi yo‘l belgisi. Ushbu yo‘l belgisi Qoidalar talabiga rioya etilishi statsionar elektron qurilmalar orqali nazoratga olingan joylarga o‘rnatiladi.,Qaǵıyda talapları elektron qurılmalar járdeminde qadaǵalanyatırǵanlıǵın bildiredi.
700,Yo‘llarining bir sathda kesishmaydigan qismlarida burilish yoki qayrilib olish yo‘nalish ko‘rsatkichi,Burılıw yamasa qayrılıp alıw jónelis kórsetkishi
701,Yoʻlning (qatnov qismining) qarama-qarshi harakatlanishni qismi boshlanishini bildiradi.,Joldıń qarama-qarsı háreketleniw bólimi baslanıwı.
702,Yoʻlning boshi yoki oxirigacha boʻlgan masofani bildiradi (km).,Joldıń bası yamasa aqırına shekemgi aralıq (km).
703,Yoʻlning koʻrsatilgan yoʻnalishda oxiri berkligini bildiradi.,Joldıń kórsetilgen jóneliste aqırı berk ekenligin bildiredi.
704,"Yo‘lning sekinlashish bo‘lagi yoki balandlikka ko‘tarilishdagi qo‘shimcha tasmaning boshlanish qismi.
Agar belgiga 4.7 “Eng kam tezlik” belgisining tasviri tushgan bo‘lsa, ko‘rsatilgan yoki undan kattaroq tezlikda harakatlana olmaydigan transport vositasining haydovchisi asosiy tasmadan qo‘shimcha tasmaga qayta tizilishi kerak.",Sekinlesiw tasması yamasa qosımsha tasmanın baslanıwı.
705,Yoʻlning sunʼiy notekislik oʻrnatilgan qismiga yaqinlashayotganligi toʻgʻrisida ogohlantiradi. Transport vositasining harakatlanish tezligini majburiy tarzda kamaytirish uchun qoʻllaniladi.,Jasalma tegis emeslik ornatılǵan bólimge jaqınlasıw.
706,Yoʻlning tor qismida harakatlanishda haydovchi roʻparadan kelayotgan transport vositasiga nisbatan imtiyozga egaligini bildiradi.,Joldıń tar bóliminde qarama-qarsı transportqa salıstırǵanda imtiyaz.
707,Yoʻlning torayishi,Joldıń tarayıwı
708,Yo‘lning torayishi,Joldıń tarayıwı
709,Yoʻlning oʻta sirpanchiq boʻlgan qismini bildiradi.,Joldıń ota tayǵaq bolǵan bólimin bildiredi.
710,"Yoʻlning shu qismida tavsiya etilgan harakatlanish tezligini bildiradi. Belgiga eng yaqin chorrahagacha amal qilinadi. 5.18 belgisi ogohlantiruvchi belgi bilan birga qoʻllansa, uning taʼsir oraligʻi xavfli qismning uzunligi bilan aniqlanadi. 5.48 yo‘l belgisi o‘rnatilgan ko‘cha va yo‘llarda o‘rnatilishi lozimligini bildiradi.",Joldıń bul bóliminde usınıs etilgen háreketleniw tezligi.
711,Yoʻnalish boʻyicha joylashgan aholi punktlarigacha boʻlgan masofani bildiradi (km).,Elatlı punktlerge shekemgi aralıqtı bildiredi (km).
712,Yoʻnalish koʻrsatkichi,Jónelis kórsetkishi
713,Yoʻnalishlar koʻrsatkichi,Jónelisler kórsetkishi
714,Yoʻnalishlarning dastlabki koʻrsatkichi,Jónelislerdiń dáslepki kórsetkishi
715,Yo‘nalishli transport vositalari uchun alohida ajratilgan tasmasi bor yo‘l,Jónelisli transport quralları ushın ajıratılǵan tasması bar jol.
716,Yo‘nalishli transport vositalari uchun alohida ajratilgan tasmasi bor yo‘lga chiqish,Jónelisli transport quralları ushın ajıratılǵan tasması bar jolǵa shıǵıw.
717,Yo‘nalishli transport vositalari uchun alohida ajratilgan tasmasi bor yo‘lning oxiri,Jónelisli transport quralları ushın ajıratılǵan tasması bar joldıń aqırı.
718,Yo‘nalishli transport vositalari uchun mo‘ljallangan tasma,Jónelisli transport quralları ushın móljellengen tasma.
719,Yo‘nalishli transport vositalarining umumiy oqimga qarshi harakatlanishi uchun ajratilgan tasmani bildiradi.,Jónelisli transport quralları ushın ajıratılǵan qarama-qarsı tasma.
720,Yo‘nalishsiz taksilar to‘xtab turish joyi,Jónelissiz taksiler toqtap turıw ornı
721,Oʻngga burilish taqiqlangan,Ońǵa burılıw qadaǵan etiledi
722,O‘ngga burilish taqiqlangan,Ońǵa burılıw qadaǵan etiledi
723,Oʻqqa tushadigan ogʻirlik cheklangan,Kósherge tushertuǵın awırlıq sheklengen
724,O‘qqa tushadigan og‘irlik cheklangan,Kósherge tushertuǵın awırlıq sheklengen
725,"Oʻtish joyi oldida 1.14.1-1.14.2 yotiq chizigʻi boʻlmaganda 5.16.2 belgisi yoʻldan oʻng tomonga oʻtish joyining old chegarasiga, 5.16.1 belgisi esa chap tomonga oʻtish joyining orqa chegarasiga oʻrnatiladi.",Piyadalar ótiw ornı belgileriniń ornatılıw tártibi.
726,O‘z-o‘zidan yonuvchi moddalar;,Óz-ózinen janatuǵın zatlar;
727,"Shanba, yakshanba va bayram kunlari","Shámbe, ekshembe hám bayram kúnleri"
728,Shifokor,Shıpaker
729,"Shifokor-haydovchilar boshqarayotgan transport vositalarining old va orqa tomonlarida — tomonlari 140 millimetr bo‘lgan, ko‘k rangli, ichida diametri 125 millimetrli oq doiraga balandligi 90 millimetr, chizig‘ining kengligi 25 millimetr bo‘lgan qizil xoch tushirilgan kvadrat ko‘rinishidagi belgi;",Shıpaker-haydawshılar basqarıp baratırǵan transport quralınıń belgisi.
730,Shifoxona,Shıpaxana
731,Shlagbaumli temir yoʻl kesishmasi,Shlagbaumlı temir jol kesilpesi
732,Shlagbaumsiz temir yoʻl kesishmasi,Shlagbaumsız temir jol kesilpesi
733,Chapga burilish taqiqlanadi,Shepke burılıw qadaǵan etiledi
734,Chapga burilish taqiqlanadi.,Shepke burılıw qadaǵan etiledi
735,Cheklangan balandlik,Sheklengen biyiklik
736,Cheklangan kenglik,Sheklengen keńlik
737,Cheklangan uzunlik,Sheklengen uzınlıq
738,Cherkov,Cherkov
739,Chetlab oʻtish yoʻnalishi,Shetleп ótiw jónelisi
740,Chiqindi yigʻish joyi,Shıǵındı jıynaw ornı
741,Chorraha oldida oʻrnatilgan belgilarning taʼsir yoʻnalishini yoki bevosita yoʻl yaqinida joylashgan manzillarga harakatlanish yoʻnalishini koʻrsatadi.,Belgilerdiń tásir jónelisin yamasa háreketleniw jónelisin kórsetedi.
742,Chorrahada asosiy yoʻlning yoʻnalishini koʻrsatadi.,Kósheler kesilispelerinde bas joldıń jónelisin kórsetedi.
743,Chorrahada ayrim yoʻnalishlarda harakatlanish taqiqlangan boʻlsa harakatlanish yoʻnalishi yoki murakkab chorrahalarda ruxsat etilgan harakatlanish yoʻnalishini bildiradi.,Quramalı kósheler kesilispelerinde ruqsat etilgen háreket jónelisi.
744,"Chorrahada yuk avtomobillari, traktorlar va oʻziyurar moslamalarga biror yoʻnalishda harakatlanish taqiqlangan boʻlsa, bunday transport vositalariga tavsiya etilgan harakatlanish yoʻnalishlari koʻrsatadi.",Júk avtomobilleri hám traktorlar ushın usınıs etilgen jónelisler.
745,Cho‘milish havzasi,Shomılıw háwizi
